Headline,Source,URL,word_count,unique_words,type_token_ratio,exclamation_count,question_count,comma_count,Polarity,Subjectivity
Iran's new supreme leader vows to keep blocking Strait of Hormuz in first statement released by regime,BBC,,17.0,17.0,1.0,0.0,0.0,0.0,0.19318181818181818,0.3939393939393939
'What if we're left with ruins?': Doubts creep in for Iranians who supported war,BBC,,15.0,15.0,1.0,0.0,1.0,0.0,-0.075,0.1
Nineteen jailed over deadly Moscow concert attack,BBC,,7.0,7.0,1.0,0.0,0.0,0.0,-0.2,0.4
British man charged in Dubai for alleged filming of Iranian missiles,BBC,,11.0,11.0,1.0,0.0,0.0,0.0,-0.05,0.05
FBI responding to 'apparent vehicle ramming and active shooter' at Michigan synagogue,BBC,,12.0,12.0,1.0,0.0,0.0,0.0,-0.041666666666666664,0.475
Questions mount for Hegseth over possible US involvement in strike on Iranian school,BBC,,13.0,13.0,1.0,0.0,0.0,0.0,0.0,1.0
"Epstein used modelling agent to recruit girls, Brazilian women tell BBC",BBC,,11.0,11.0,1.0,0.0,0.0,1.0,0.0,0.0
Sly fox sneaks onto cargo ship in England and arrives in New York,BBC,,13.0,12.0,0.9230769230769231,0.0,0.0,0.0,0.13636363636363635,0.45454545454545453
Customer sues Costco for tariff refunds,BBC,,6.0,6.0,1.0,0.0,0.0,0.0,0.0,0.0
Rapper-politician Balendra Shah's party wins Nepal election,BBC,,8.0,8.0,1.0,0.0,0.0,0.0,0.3,0.2
Video shows moment point-blank gunshot misses Indian politician,BBC,,9.0,9.0,1.0,0.0,0.0,0.0,0.0,0.0
Jo Malone sued for using her own name in collaboration with Zara,BBC,,12.0,12.0,1.0,0.0,0.0,0.0,0.6,1.0
"Nasa spacecraft weighing 1,300lb re-enters Earth's atmosphere",BBC,,8.0,8.0,1.0,0.0,0.0,1.0,0.0,0.0
What on earth is going on with the oil price?,BBC,,10.0,9.0,0.9,0.0,1.0,0.0,0.0,0.0
"UK troops at Iraq base shot down Iranian drones, Healey says",BBC,,11.0,11.0,1.0,0.0,0.0,1.0,-0.4777777777777778,0.6444444444444445
Justified or not? US military families on fears of Iran war,BBC,,11.0,11.0,1.0,0.0,1.0,0.0,0.15000000000000002,0.5
How Iran war laid bare the world's reliance on Gulf oil and gas,BBC,,13.0,13.0,1.0,0.0,0.0,0.0,0.05,0.1
What did we learn from China's biggest political meeting?,BBC,,9.0,9.0,1.0,0.0,1.0,0.0,0.0,0.1
My identity was stolen and someone is using it to catfish men - it's terrifying,BBC,,14.0,14.0,1.0,0.0,0.0,0.0,-1.0,1.0
The Christian-Muslim couple who are fasting for Lent and Ramadan at the same time,BBC,,15.0,14.0,0.9333333333333333,0.0,0.0,0.0,0.0,0.125
'I imagine they had a healthy sex life early on' - Jones and Grant in Austen-inspired drama,BBC,,17.0,17.0,1.0,0.0,0.0,0.0,0.3,0.4
A small US grocer is calling out the lower prices at big chains,BBC,,13.0,13.0,1.0,0.0,0.0,0.0,-0.125,0.25
"How a lost suitcase led to a two-year £4,500 legal wrangle with Ryanair",BBC,,13.0,12.0,0.9230769230769231,0.0,0.0,1.0,0.2,0.2
Meet ParalympicsGB's 26th team member,BBC,,5.0,5.0,1.0,0.0,0.0,0.0,0.0,0.0
Justified or not? US military families on fears of Iran war,BBC,,11.0,11.0,1.0,0.0,1.0,0.0,0.15000000000000002,0.5
"One house, two faiths, one fasting season",BBC,,7.0,6.0,0.8571428571428571,0.0,0.0,2.0,0.0,0.0
Video shows moment point-blank gunshot misses Indian politician,BBC,,9.0,9.0,1.0,0.0,0.0,0.0,0.0,0.0
Watch: Groceries remain on shelves after tornado rips roof off supermarket,BBC,,11.0,11.0,1.0,0.0,0.0,0.0,0.0,0.0
Volcanic fragments rain down as Hawaii's Kilauea volcano erupts,BBC,,9.0,9.0,1.0,0.0,0.0,0.0,-0.15555555555555556,0.2888888888888889
Clair Obscur: Expedition 33 leads Bafta Games Awards nominations,BBC,,8.0,8.0,1.0,0.0,0.0,0.0,0.0,0.0
New US ambassador to South Africa summoned over 'undiplomatic remarks',BBC,,10.0,10.0,1.0,0.0,0.0,0.0,0.13636363636363635,0.45454545454545453
Kanye West ordered to pay $140K in Malibu mansion renovation lawsuit,BBC,,11.0,11.0,1.0,0.0,0.0,0.0,0.0,0.0
China approves 'ethnic unity' law requiring minorities to learn Mandarin,BBC,,10.0,10.0,1.0,0.0,0.0,0.0,0.0,0.0
Head chef resigns from world-famous restaurant Noma amid abuse allegations,BBC,,11.0,11.0,1.0,0.0,0.0,0.0,0.0,0.0
"Chinese national arrested over attempt to smuggle 2,000 queen ants from Kenya",BBC,,11.0,11.0,1.0,0.0,0.0,1.0,0.0,0.0
The Pussycat Dolls confirm reunion: 'We're celebrating where we're at as women',BBC,,12.0,12.0,1.0,0.0,0.0,0.0,0.0,0.0
"Chinese national arrested over attempt to smuggle 2,000 queen ants from Kenya",BBC,,11.0,11.0,1.0,0.0,0.0,1.0,0.0,0.0
Questions mount for Hegseth over possible US involvement in strike on Iranian school,BBC,,13.0,13.0,1.0,0.0,0.0,0.0,0.0,1.0
British man charged in Dubai for alleged filming of Iranian missiles,BBC,,11.0,11.0,1.0,0.0,0.0,0.0,-0.05,0.05
'What if we're left with ruins?': Doubts creep in for Iranians who supported war,BBC,,15.0,15.0,1.0,0.0,1.0,0.0,-0.075,0.1
Sly fox sneaks on to cargo ship in Southampton and arrives in New York,BBC,,14.0,13.0,0.9285714285714286,0.0,0.0,0.0,0.13636363636363635,0.45454545454545453
"Epstein used modelling agent to recruit girls, Brazilian women tell BBC",BBC,,11.0,11.0,1.0,0.0,0.0,1.0,0.0,0.0
Missing police drug detection dog found after search,BBC,,8.0,8.0,1.0,0.0,0.0,0.0,-0.2,0.05
Nineteen jailed over deadly Moscow concert attack,BBC,,7.0,7.0,1.0,0.0,0.0,0.0,-0.2,0.4
Jo Malone sued for using her own name in collaboration with Zara,BBC,,12.0,12.0,1.0,0.0,0.0,0.0,0.6,1.0
New US ambassador to South Africa summoned over 'undiplomatic remarks',BBC,,10.0,10.0,1.0,0.0,0.0,0.0,0.13636363636363635,0.45454545454545453
Europa League: Aston Villa goalless against Lille in cagey last-16 first leg,BBC,,12.0,12.0,1.0,0.0,0.0,0.0,0.25,0.3333333333333333
Abrar signing allays Hundred India-Pakistan concern,BBC,,7.0,7.0,1.0,0.0,0.0,0.0,0.0,0.0
Mullins complains about Cheltenham ground after Fact Or File withdrawn,BBC,,10.0,10.0,1.0,0.0,0.0,0.0,0.0,0.0
Draper fights to 'mind-blowing' win over Djokovic,BBC,,8.0,8.0,1.0,0.0,0.0,0.0,0.8,0.4
'Not appropriate' for Iran to be at World Cup - Trump,BBC,,10.0,10.0,1.0,0.0,0.0,0.0,-0.25,0.5
Russell accuses Ferrari of selfishness over rules,BBC,,7.0,7.0,1.0,0.0,0.0,0.0,0.0,0.0
Uefa opens Neto disciplinary case after push on PSG ball boy,BBC,,11.0,11.0,1.0,0.0,0.0,0.0,0.0,0.0
The BBC is in multiple languages,BBC,,6.0,6.0,1.0,0.0,0.0,0.0,0.0,0.0
Jack Osbourne newborn,ABC,,3.0,3.0,1.0,0.0,0.0,0.0,0.0,0.0
What You Need to Know,ABC,,5.0,5.0,1.0,0.0,0.0,0.0,0.0,0.0
"Suspect in attack on Michigan synagogue is dead, sources say",ABC,,10.0,10.0,1.0,0.0,0.0,1.0,-0.2,0.4
Active shooter reported at synagogue in Michigan,ABC,,7.0,7.0,1.0,0.0,0.0,0.0,-0.13333333333333333,0.6
Iran : 1st purported message from new supreme leader read on state TV,ABC,,12.0,12.0,1.0,0.0,0.0,0.0,0.13636363636363635,0.45454545454545453
"Stocks tumble, oil prices rise as Iran attacks key shipping route",ABC,,11.0,11.0,1.0,0.0,0.0,1.0,0.0,1.0
Conan O'Brien says it's a 'running battle' to prep for the Oscars,ABC,,12.0,12.0,1.0,0.0,0.0,0.0,0.0,0.0
ISIS-inspired teens considered other targets before Gracie Mansion protest: Sources,ABC,,11.0,11.0,1.0,0.0,0.0,0.0,-0.125,0.375
Jack Osbourne names newborn daughter after dad Ozzy,ABC,,8.0,8.0,1.0,0.0,0.0,0.0,0.0,0.0
"Google overhauls its Maps app, adding in more AI features to help people get around",ABC,,15.0,15.0,1.0,0.0,0.0,1.0,0.5,0.5
FBI warns Iran aspired to attack California with drones in retaliation for war: Alert,ABC,,14.0,14.0,1.0,0.0,0.0,0.0,0.0,0.0
Married couple in their 80s dead after tornado strikes Indiana home: Authorities,ABC,,12.0,12.0,1.0,0.0,0.0,0.0,0.024999999999999994,0.325
Ukraine awaits White House sign-off on drone deal,ABC,,9.0,9.0,1.0,0.0,0.0,0.0,0.0,0.0
Famed chef René Redzepi steps down from Noma,ABC,,8.0,8.0,1.0,0.0,0.0,0.0,-0.15555555555555556,0.2888888888888889
Average US long-term mortgage rate rises to 6.11%,ABC,,8.0,8.0,1.0,0.0,0.0,0.0,-0.15,0.39999999999999997
"2 injured, gunman dead in shooting at university",ABC,,7.0,7.0,1.0,0.0,0.0,1.0,-0.2,0.4
Russia convicts 19 over 2024 Moscow concert attack,ABC,,6.0,6.0,1.0,0.0,0.0,0.0,0.0,0.0
"12-year-old collapses after fight, dies days later",ABC,,8.0,8.0,1.0,0.0,0.0,1.0,0.0,0.0
At least 50 people killed in Ethiopia landslides,ABC,,7.0,7.0,1.0,0.0,0.0,0.0,-0.25,0.2
US struggles to get personnel out of Iraq: Sources,ABC,,9.0,9.0,1.0,0.0,0.0,0.0,0.0,0.0
Sneak-peak at the performances at the Oscars,ABC,,8.0,6.0,0.75,0.0,0.0,0.0,0.0,0.0
Shelter rescues kitten who appeared inflated like a balloon,ABC,,9.0,9.0,1.0,0.0,0.0,0.0,0.0,0.0
No deal in Homeland Security shutdown talks,ABC,,7.0,7.0,1.0,0.0,0.0,0.0,0.0,0.0
Massachusetts officer saves woman in distress from incoming train,ABC,,9.0,9.0,1.0,0.0,0.0,0.0,0.0,0.0
4th grader becomes dual‑enrolled college student,ABC,,7.0,7.0,1.0,0.0,0.0,0.0,0.0,0.0
Woman with cancer has ‘no evidence of disease’ after life-changing transplant,ABC,,12.0,12.0,1.0,0.0,0.0,0.0,0.0,0.0
Whale of a story in Hawaii,ABC,,6.0,6.0,1.0,0.0,0.0,0.0,0.0,0.0
Jennifer Lopez pulls back the curtain of Las Vegas residency,ABC,,10.0,10.0,1.0,0.0,0.0,0.0,0.0,0.0
Miami Heat’s Bam Adebayo scores historic 83-point game,ABC,,9.0,9.0,1.0,0.0,0.0,0.0,-0.2,0.2
Teacher's $20 kindness challenge spreads,ABC,,4.0,4.0,1.0,0.0,0.0,0.0,0.0,0.0
Gen Z's nostalgia for the 1990s,ABC,,6.0,6.0,1.0,0.0,0.0,0.0,0.0,0.0
Connecticut home explosion kills at least 1,ABC,,6.0,6.0,1.0,0.0,0.0,0.0,-0.3,0.4
Democratic Rep. Jim Clyburn says he's running for reelection after all,ABC,,11.0,11.0,1.0,0.0,0.0,0.0,0.0,0.0
"In Iran fight, US scrambles to adapt in its 1st major drone war",ABC,,13.0,12.0,0.9230769230769231,0.0,0.0,1.0,0.0625,0.5
"Fog of words: A look at Trump's messaging on Iran war timeline, endgame and more",ABC,,15.0,15.0,1.0,0.0,0.0,1.0,0.5,0.5
'Tremendous opportunity': UFC to host training sessions with FBI,ABC,,9.0,9.0,1.0,0.0,0.0,0.0,0.3333333333333333,1.0
"Epstein's accountant says he didn't see any 'red flags' for abuse, trafficking",ABC,,12.0,12.0,1.0,0.0,0.0,1.0,0.0,0.0
State lawmakers rush to set rounding rules for when there are no pennies,ABC,,13.0,13.0,1.0,0.0,0.0,0.0,0.0,0.0
Trump administration opens investigation into Arizona’s 2020 election results,ABC,,9.0,9.0,1.0,0.0,0.0,0.0,0.0,0.0
Democrat Shawn Harris and Trump-endorsed Clay Fuller advance to runoff in Georgia: AP,ABC,,14.0,14.0,1.0,0.0,0.0,0.0,0.0,0.0
"Hacker accessed FBI server that included Epstein files in 2023, files suggest",ABC,,11.0,10.0,0.9090909090909091,0.0,0.0,1.0,0.0,0.0
"In Massie's Kentucky district, Trump attacks GOP congressman as 'disloyal to America'",ABC,,12.0,12.0,1.0,0.0,0.0,1.0,0.0,0.0
Dems call for probe into 'troubling pattern' of legal wins for Pam Bondi's brother,ABC,,14.0,13.0,0.9285714285714286,0.0,0.0,0.0,0.25,0.2
Jill Biden opens up in memoir about Joe Biden's decision to end reelection bid,ABC,,14.0,14.0,1.0,0.0,0.0,0.0,0.0,0.0
Trump says he and Vance are 'philosophically' different on Iran war,ABC,,11.0,11.0,1.0,0.0,0.0,0.0,0.0,0.6
US-Israel strike Iran,ABC,,4.0,4.0,1.0,0.0,0.0,0.0,0.0,0.0
Message from Iran's new supreme leader 'doesn't show strength': Former DHS official,ABC,,12.0,12.0,1.0,0.0,0.0,0.0,0.06818181818181818,0.22727272727272727
1st purported message from Iran's new supreme leader read on state TV,ABC,,12.0,12.0,1.0,0.0,0.0,0.0,0.13636363636363635,0.45454545454545453
Drone attack on US 'not plausible': Former DHS official,ABC,,9.0,9.0,1.0,0.0,0.0,0.0,-0.125,0.25
FBI warns Iran aspires to threaten US West Coast with drones,ABC,,11.0,11.0,1.0,0.0,0.0,0.0,0.0,0.0
"Iran's attack on oil infrastructure is working, defense analyst says",ABC,,10.0,10.0,1.0,0.0,0.0,1.0,0.0,0.0
Ships struck near Strait of Hormuz as Iran threatens security of key oil passage,ABC,,14.0,13.0,0.9285714285714286,0.0,0.0,0.0,0.05,0.7
Trump says US has 'won' war in Iran but has to 'finish the job',ABC,,14.0,13.0,0.9285714285714286,0.0,0.0,0.0,0.0,0.0
Sen. Slotkin: No winning Iran war if we ‘don't totally know what the objectives were',ABC,,15.0,15.0,1.0,0.0,0.0,0.0,-0.125,0.75
The geopolitical impact of Iran's new supreme leader,ABC,,8.0,8.0,1.0,0.0,0.0,0.0,0.13636363636363635,0.45454545454545453
What to know about 'black rain' that fell on Iran after strikes on oil reserves,ABC,,15.0,14.0,0.9333333333333333,0.0,0.0,0.0,-0.16666666666666666,0.43333333333333335
Iran attacks ships in critical Strait of Hormuz as war intensifies,ABC,,11.0,11.0,1.0,0.0,0.0,0.0,0.0,0.8
"Conflict sees significant escalation between Hezbollah, Israel",ABC,,7.0,7.0,1.0,0.0,0.0,1.0,0.375,0.875
War in Iran: Former defense official breaks down US response and strategy,ABC,,12.0,12.0,1.0,0.0,0.0,0.0,-0.07777777777777778,0.14444444444444446
Former Homeland Security official on guarding against threats to US,ABC,,10.0,10.0,1.0,0.0,0.0,0.0,0.0,0.0
Congressman says US troops are 'extremely prepared' for Iranian drone attacks,ABC,,11.0,11.0,1.0,0.0,0.0,0.0,-0.125,1.0
Oksana Masters becomes most decorated US Winter Paralympian of all time,ABC,,11.0,11.0,1.0,0.0,0.0,0.0,0.5,0.5
Trending Stories,ABC,,2.0,2.0,1.0,0.0,0.0,0.0,0.0,0.0
FBI warns Iran aspired to attack California with drones in retaliation for war: Alert,ABC,,14.0,14.0,1.0,0.0,0.0,0.0,0.0,0.0
Active shooting incident at synagogue in Michigan; suspect dead,ABC,,9.0,9.0,1.0,0.0,0.0,0.0,-0.16666666666666669,0.5
"2 injured, gunman dead in shooting at Old Dominion University, school says",ABC,,11.0,11.0,1.0,0.0,0.0,2.0,-0.05,0.30000000000000004
12-year-old girl dies days after collapsing following fight near school bus stop,ABC,,13.0,13.0,1.0,0.0,0.0,0.0,0.05,0.25
"Stocks tumble, oil prices rise as Iran attacks key shipping route",ABC,,11.0,11.0,1.0,0.0,0.0,1.0,0.0,1.0
Woman with Stage 4 cancer has 'no evidence of disease' after life-changing transplant,ABC,,13.0,13.0,1.0,0.0,0.0,0.0,0.0,0.0
Young Hollywood turns out for Vanity Fair's Vanities Party ahead of 2026 Oscars,ABC,,12.0,12.0,1.0,0.0,0.0,0.0,0.39999999999999997,0.65
Who will be the big winners at the 2026 Oscars?,ABC,,9.0,8.0,0.8888888888888888,0.0,1.0,0.0,0.0,0.1
Tamron Hall talks 2026 Oscars red carpet prep,ABC,,7.0,7.0,1.0,0.0,0.0,0.0,0.0,0.0
More from the Oscars,ABC,,4.0,4.0,1.0,0.0,0.0,0.0,0.5,0.5
Film critic Richard Roeper's Oscar predictions,ABC,,6.0,6.0,1.0,0.0,0.0,0.0,0.0,0.0
Oscars 2026: Everything to know about the 98th Academy Awards,ABC,,9.0,9.0,1.0,0.0,0.0,0.0,0.0,0.0
Oscars 2026: Potential history-making wins to watch for at the Academy Awards,ABC,,12.0,12.0,1.0,0.0,0.0,0.0,0.15,0.6
Oscars 2026: How to watch the best picture nominees,ABC,,8.0,8.0,1.0,0.0,0.0,0.0,1.0,0.3
How to watch and stream the 2026 Oscars,ABC,,7.0,7.0,1.0,0.0,0.0,0.0,0.0,0.0
Oscar nominations 2026: Full list of nominees,ABC,,6.0,6.0,1.0,0.0,0.0,0.0,0.35,0.55
Oscars 2026: What to know about the 5 best actress nominees,ABC,,9.0,9.0,1.0,0.0,0.0,0.0,1.0,0.3
Oscars 2026: What to know about the 5 best actor nominees,ABC,,9.0,9.0,1.0,0.0,0.0,0.0,1.0,0.3
Why this year's Oscars are so unpredictable,ABC,,7.0,7.0,1.0,0.0,0.0,0.0,-0.16666666666666666,1.0
How 'Sinners' cinematographer could shatter a glass ceiling at the 2026 Oscars,ABC,,11.0,11.0,1.0,0.0,0.0,0.0,0.0,0.0
FBI assisting in search for missing retired Air Force major general,ABC,,11.0,11.0,1.0,0.0,0.0,0.0,-0.029166666666666664,0.35000000000000003
Is Atlanta still the ‘Hollywood of the South’? A film boomtown faces a test,ABC,,14.0,12.0,0.8571428571428571,0.0,1.0,0.0,0.0,0.0
Winter whiplash plunges temperatures along the East Coast,ABC,,8.0,8.0,1.0,0.0,0.0,0.0,0.0,0.0
"TSA officer callouts up since start of shutdown, DHS reactivates Global Entry",ABC,,12.0,12.0,1.0,0.0,0.0,1.0,0.0,0.0
Woman with Stage 4 cancer has 'no evidence of disease' after life-changing transplant,ABC,,13.0,13.0,1.0,0.0,0.0,0.0,0.0,0.0
Why authorities are finally searching Epstein's ranch in New Mexico,ABC,,10.0,10.0,1.0,0.0,0.0,0.0,0.06818181818181818,0.7272727272727273
Head priest of Episcopal Church accused of stealing baseball cards from Walmart,ABC,,12.0,11.0,0.9166666666666666,0.0,0.0,0.0,0.0,0.0
"11-year-old arrested, faces charges in murder of 5-year-old brother",ABC,,11.0,9.0,0.8181818181818182,0.0,0.0,1.0,0.0,0.0
Hockey player who lost family in Rhode Island shooting scores winning goal,ABC,,12.0,12.0,1.0,0.0,0.0,0.0,0.5,0.75
Caitlin Clark returns from injury to help US rout Senegal in qualifying tournament,ABC,,13.0,13.0,1.0,0.0,0.0,0.0,0.0,0.0
Service dog named Alfred sparks Lyft settlement in Minnesota with nationwide reach,ABC,,12.0,12.0,1.0,0.0,0.0,0.0,0.0,0.0
"Invasive giant reptile is thriving in Florida's climate, invading its ecosystem",ABC,,11.0,11.0,1.0,0.0,0.0,1.0,0.0,1.0
New person of interest identified in case of girl who disappeared in 1984,ABC,,12.0,10.0,0.8333333333333334,0.0,0.0,0.0,0.13636363636363635,0.45454545454545453
Teen charged in teacher’s death from prank gone wrong speaks out,ABC,,12.0,12.0,1.0,0.0,0.0,0.0,-0.25,0.45
"Refresh your space for spring! Shop deals on furniture, mattresses and appliances",ABC,,12.0,12.0,1.0,1.0,0.0,1.0,0.0,0.0
Daily deals: 10 deals to shop starting at 40% off,ABC,,8.0,7.0,0.875,0.0,0.0,0.0,0.0,0.05
"11 essential white T-shirts for spring, starting at less than $10",ABC,,10.0,10.0,1.0,0.0,0.0,1.0,-0.041666666666666664,0.11666666666666667
'GMA' Deals & Steals for everyday glam,ABC,,6.0,6.0,1.0,0.0,0.0,0.0,-0.2,0.6
"Dress clothes for kids: Dresses, jumpsuits, shirts, suits and more",ABC,,10.0,10.0,1.0,0.0,0.0,3.0,0.5,0.5
"Top gifts for tween and teen boys: Clothes, toys and more",ABC,,11.0,10.0,0.9090909090909091,0.0,0.0,1.0,0.3333333333333333,0.3333333333333333
Celebrate 100 years of Winnie The Pooh: Shop collaborations from Popsockets and more,ABC,,12.0,12.0,1.0,0.0,0.0,0.0,0.5,0.5
"Shop top women's shorts from Macy's, Athleta and more",ABC,,9.0,9.0,1.0,0.0,0.0,1.0,0.5,0.5
Expert tips for crafting the ultimate Easter basket,ABC,,8.0,8.0,1.0,0.0,0.0,0.0,0.0,1.0
McDonald's latest move in the fast-food wars,ABC,,8.0,8.0,1.0,0.0,0.0,0.0,0.5,0.9
Inflation held steady in February before war with Iran sent gas prices surging,ABC,,13.0,13.0,1.0,0.0,0.0,0.0,0.16666666666666666,0.5
Meta acquires 'Moltbook' AI social media app,ABC,,7.0,7.0,1.0,0.0,0.0,0.0,0.03333333333333333,0.06666666666666667
"Panera debuts new Energy Refresher, plus more low and no-sugar beverages for spring",ABC,,14.0,14.0,1.0,0.0,0.0,1.0,0.21212121212121213,0.4181818181818182
Civil rights lawyer will lead eBay founder's philanthropy for more inclusive AI,ABC,,12.0,12.0,1.0,0.0,0.0,0.0,0.5,0.5
"As another shutdown impacts travelers, some see eliminating TSA agents as a solution",ABC,,13.0,12.0,0.9230769230769231,0.0,0.0,1.0,0.0,0.0
China's auto sales sink in Feb as phase out of subsidies for trade-ins hits demand,ABC,,16.0,16.0,1.0,0.0,0.0,0.0,0.0,0.0
New permanent exhibition shows plaster casts of Pompeii victims,ABC,,9.0,9.0,1.0,0.0,0.0,0.0,0.13636363636363635,0.45454545454545453
Israel prepares to expand activity in Lebanon as conflict with Hezbollah escalates,ABC,,12.0,12.0,1.0,0.0,0.0,0.0,0.0,0.0
S. Korean lawmakers pass law to manage Seoul's pledge of $350B in US investments,ABC,,14.0,14.0,1.0,0.0,0.0,0.0,0.0,0.0
Hungary to declassify security report as PM claims Ukraine illegally funding opponent,ABC,,12.0,12.0,1.0,0.0,0.0,0.0,-0.5,0.5
China positions itself as force for global stability at its annual Congress,ABC,,12.0,12.0,1.0,0.0,0.0,0.0,0.0,0.0
"Young Cubans turn to church and state as cheap, synthetic drugs flood the streets",ABC,,14.0,14.0,1.0,0.0,0.0,1.0,0.25,0.55
Verstappen sees 'a jungle' in F1 but still hopes for 'simple solutions',ABC,,12.0,12.0,1.0,0.0,0.0,0.0,0.0,0.35714285714285715
Good Morning America,ABC,,3.0,3.0,1.0,0.0,0.0,0.0,0.7,0.6000000000000001
"Nicole Kidman, Jamie Lee Curtis talk friendship, new thriller 'Scarpetta'",ABC,,10.0,10.0,1.0,0.0,0.0,2.0,0.13636363636363635,0.45454545454545453
Jennifer Lopez says she ‘feels free’ for 1st time in her life,ABC,,12.0,12.0,1.0,0.0,0.0,0.0,0.4,0.8
"Woman reunites with missing cat after 1 year, urges others to microchip pets",ABC,,12.0,12.0,1.0,0.0,0.0,1.0,-0.2,0.05
AI-generated 'actress' appears in new music video addressing public backlash,ABC,,11.0,11.0,1.0,0.0,0.0,0.0,0.06818181818181818,0.2606060606060606
Experts weigh in as more beauty brands market makeup for kids as young as 3,ABC,,14.0,12.0,0.8571428571428571,0.0,0.0,0.0,0.3,0.45
Kathryn Hahn cast as Mother Gothel in live-action 'Tangled' film,ABC,,11.0,11.0,1.0,0.0,0.0,0.0,0.0,0.0
Miley Cyrus stars as Hannah Montana in video for show's 20th anniversary special,ABC,,13.0,13.0,1.0,0.0,0.0,0.0,0.17857142857142858,0.2857142857142857
"High-protein, plant-based recipes from Robin Arzón's new cookbook",ABC,,11.0,11.0,1.0,0.0,0.0,1.0,0.13636363636363635,0.45454545454545453
Valerie Bertinelli talks new memoir,ABC,,5.0,5.0,1.0,0.0,0.0,0.0,0.13636363636363635,0.45454545454545453
"Bruno Mars' 'The Romantic' debuts at No. 1, with single 'I Just Might' on Billboard",ABC,,14.0,14.0,1.0,0.0,0.0,1.0,-0.03571428571428571,0.35714285714285715
"Liza Minnelli talks new memoir, famous parents, turning 80 and more",ABC,,10.0,10.0,1.0,0.0,0.0,2.0,0.37878787878787873,0.6515151515151515
How to watch and stream the 2026 Oscars,ABC,,7.0,7.0,1.0,0.0,0.0,0.0,0.0,0.0
"Timothée Chalamet faces criticism for opera, ballet comments ahead of Oscars",ABC,,12.0,12.0,1.0,0.0,0.0,1.0,0.0,0.0
Middle East conflict: Slideshow,ABC,,4.0,4.0,1.0,0.0,0.0,0.0,0.0,0.0
The most memorable moments from the Oscars,ABC,,7.0,6.0,0.8571428571428571,0.0,0.0,0.0,0.5,0.75
Best Oscar fashion through the years,ABC,,6.0,6.0,1.0,0.0,0.0,0.0,1.0,0.3
"EGOT winners: Stars who have an Emmy, a Grammy, an Oscar and a Tony",ABC,,14.0,12.0,0.8571428571428571,0.0,0.0,2.0,0.0,0.0
The delayed echo of measles: a rare but fatal complication,ABC,,10.0,10.0,1.0,0.0,0.0,0.0,0.3,0.9
"Is allergy season worse this year? What to know, how to get relief",ABC,,13.0,12.0,0.9230769230769231,0.0,1.0,1.0,-0.4,0.6
Many military members may get care at vulnerable hospitals: Analysis,ABC,,10.0,10.0,1.0,0.0,0.0,0.0,-0.033333333333333326,0.3666666666666667
King penguins are benefiting from a warming world. But that could change,ABC,,12.0,12.0,1.0,0.0,0.0,0.0,0.0,0.0
Wildflowers are blooming in the driest place in North America — but not for long,ABC,,14.0,13.0,0.9285714285714286,0.0,0.0,0.0,-0.05,0.4
This is how much ice Antarctica has lost over the last 30 years,ABC,,12.0,12.0,1.0,0.0,0.0,0.0,0.1,0.13333333333333333
Lawyers in landmark social media addiction trial make final appeals to the jury,ABC,,13.0,13.0,1.0,0.0,0.0,0.0,0.016666666666666666,0.5333333333333333
Old NASA science satellite plunges back to Earth,ABC,,8.0,8.0,1.0,0.0,0.0,0.0,0.05,0.1
"Microsoft backs Anthropic, urging judge to halt Pentagon's actions against AI company",ABC,,12.0,12.0,1.0,0.0,0.0,1.0,0.0,0.0
Download the ABC News App,ABC,,5.0,5.0,1.0,0.0,0.0,0.0,0.0,0.0
Reports of active shooter at Detroit-area synagogue containing school,CNN,,10.0,10.0,1.0,0.0,0.0,0.0,-0.13333333333333333,0.6
See the scene outside synagogue,CNN,,5.0,5.0,1.0,0.0,0.0,0.0,0.0,0.05
Iran’s new supreme leader says key oil route will remain closed,CNN,,12.0,12.0,1.0,0.0,0.0,0.0,0.012121212121212116,0.5181818181818182
Iran supreme leader’s first purported message leaves a major question unanswered,CNN,,12.0,12.0,1.0,0.0,0.0,0.0,0.07083333333333333,0.3444444444444444
Israel raises specter of major Lebanon ground operation,CNN,,8.0,8.0,1.0,0.0,0.0,0.0,0.0625,0.5
‘Boom Boom’ US propaganda vs. the emerging Iran war reality,CNN,,10.0,9.0,0.9,0.0,0.0,0.0,-0.1,0.1
Iranian regime issues chilling threats to its citizens,CNN,,8.0,8.0,1.0,0.0,0.0,0.0,-0.5,0.9
How Iran turned the Gulf waters into a weapon,CNN,,9.0,9.0,1.0,0.0,0.0,0.0,0.0,0.0
Robert Irwin talks about how he’s able to still ‘feel’ his dad,CNN,,13.0,13.0,1.0,0.0,0.0,0.0,0.5,0.625
28-year-old man donates part of his brain for research,CNN,,10.0,10.0,1.0,0.0,0.0,0.0,0.0,0.0
"As Hollywood celebrates the Oscars, experts delve into the high-stakes world of award season",CNN,,15.0,14.0,0.9333333333333333,0.0,0.0,1.0,0.0,0.0
Catch up on today’s headlines,CNN,,6.0,6.0,1.0,0.0,0.0,0.0,0.0,0.0
"2 injured and gunman dead after shooting at Old Dominion University in Virginia, school says",CNN,,14.0,14.0,1.0,0.0,0.0,1.0,-0.05,0.30000000000000004
FBI involved in search for retired Air Force major general missing for nearly 2 weeks,CNN,,14.0,13.0,0.9285714285714286,0.0,0.0,0.0,0.0031250000000000028,0.36250000000000004
The explosion of foul language in American culture,CNN,,8.0,8.0,1.0,0.0,0.0,0.0,0.0,0.0
‘Happy (and safe) shooting!’ AI chatbots helped teen users plan violence in hundreds of tests,CNN,,15.0,15.0,1.0,1.0,0.0,0.0,0.47500000000000003,0.5
Republicans in a growing number of states press ahead with Trump’s voting rules,CNN,,14.0,14.0,1.0,0.0,0.0,0.0,0.0,0.0
How the Middle East war could spark a recession,CNN,,9.0,9.0,1.0,0.0,0.0,0.0,0.0,0.0
How federal agents are breaking rules to use less-lethal weapons against protesters,CNN,,13.0,13.0,1.0,0.0,0.0,0.0,0.0,0.0
Shooting at Old Dominion University,CNN,,5.0,5.0,1.0,0.0,0.0,0.0,0.1,0.2
Kim Jong Un and daughter fire handguns,CNN,,7.0,7.0,1.0,0.0,0.0,0.0,0.0,0.0
Trump’s scrambled message on Iran and the economy,CNN,,9.0,9.0,1.0,0.0,0.0,0.0,0.0,0.0
NY Giants owner looks to transfer stake to his kids,CNN,,10.0,9.0,0.9,0.0,0.0,0.0,0.0,0.0
Italy helps USA advance to quarterfinals in World Baseball Classic,CNN,,10.0,10.0,1.0,0.0,0.0,0.0,0.16666666666666666,0.16666666666666666
Israeli home damaged by Hezbollah rocket,CNN,,6.0,6.0,1.0,0.0,0.0,0.0,0.0,0.0
Why Iran’s cheap Shahed drones are hard to stop,CNN,,10.0,10.0,1.0,0.0,0.0,0.0,0.05416666666666667,0.6208333333333333
How Iran’s state media is portraying the war,CNN,,9.0,9.0,1.0,0.0,0.0,0.0,0.0,0.0
How Iran has turned the sea into the front line,CNN,,10.0,9.0,0.9,0.0,0.0,0.0,0.0,0.0
Statement attributed to Iran’s supreme leader aired,CNN,,8.0,8.0,1.0,0.0,0.0,0.0,0.1,0.7
Two injured in drone strike on residential building in Kuwait,CNN,,10.0,9.0,0.9,0.0,0.0,0.0,0.0,0.0
Beirut hit by heavy bombardment,CNN,,5.0,5.0,1.0,0.0,0.0,0.0,-0.2,0.5
Robert Irwin on talking to his dad who died when he was two,CNN,,13.0,13.0,1.0,0.0,0.0,0.0,0.0,0.0
US strikes Iranian aircraft,CNN,,4.0,4.0,1.0,0.0,0.0,0.0,0.0,0.0
Fuel depot on fire in Bahrain following Iranian attack,CNN,,9.0,9.0,1.0,0.0,0.0,0.0,0.0,0.1
US-Israeli war in Iran causes fuel panic across Asia,CNN,,10.0,10.0,1.0,0.0,0.0,0.0,0.0,0.0
NYPD cop reacts to photo of him chasing down Gracie Mansion terror suspect,CNN,,13.0,13.0,1.0,0.0,0.0,0.0,-0.15555555555555556,0.2888888888888889
Sen. Duckworth speaks out after survivor of Kuwait attack breaks silence,CNN,,11.0,11.0,1.0,0.0,0.0,0.0,0.0,0.0
Kuwait fish market upended by conflict in Middle East,CNN,,9.0,9.0,1.0,0.0,0.0,0.0,0.0,0.0
Trump offers to endorse Jake Paul if he runs for Congress,CNN,,11.0,11.0,1.0,0.0,0.0,0.0,0.1,0.0
IEA orders largest ever release of emergency oil,CNN,,8.0,8.0,1.0,0.0,0.0,0.0,0.0,0.0
Iranian regime issues chilling threats to its citizens,CNN,,8.0,8.0,1.0,0.0,0.0,0.0,-0.5,0.9
Analysis: John Cornyn flips on filibuster as he seeks Trump’s support,CNN,,12.0,12.0,1.0,0.0,0.0,0.0,0.0,0.0
Trump claims ‘we’ve won’ in Iran,CNN,,7.0,7.0,1.0,0.0,0.0,0.0,0.0,0.0
Drone hits an oil facility in Oman’s Port of Salalah,CNN,,11.0,11.0,1.0,0.0,0.0,0.0,0.0,0.0
Drooling into your pillow could be a sign of a more serious issue,CNN,,13.0,12.0,0.9230769230769231,0.0,0.0,0.0,0.08333333333333334,0.5833333333333333
Katie Perry vs Katy Perry: Australian designer wins trademark over popstar,CNN,,11.0,10.0,0.9090909090909091,0.0,0.0,0.0,0.15,0.1
For decades there were rumors of ghost elephants in Angola. This explorer found them,CNN,,14.0,14.0,1.0,0.0,0.0,0.0,0.0,0.0
Trump administration to restore Global Entry program as DHS shutdown impacts travel,CNN,,12.0,12.0,1.0,0.0,0.0,0.0,0.0,0.0
Latest Breaking News Today from Fox News,Fox,,7.0,6.0,0.8571428571428571,0.0,0.0,0.0,0.5,0.9
HAPPENING NOW: Synagogue attack suspect believed dead after shoot-out with armed security: source,Fox,,14.0,14.0,1.0,0.0,0.0,0.0,-0.2,0.4
"FBI, state police respond to active shooting, car-ramming at MI synagogue",Fox,,12.0,12.0,1.0,0.0,0.0,2.0,-0.13333333333333333,0.6
Iran's new leader breaks silence with direct message to neighboring countries,Fox,,11.0,11.0,1.0,0.0,0.0,0.0,0.11818181818181818,0.42727272727272725
"Senate sends massive bipartisan, Trump-backed housing package back to House",Fox,,11.0,11.0,1.0,0.0,0.0,1.0,0.0,0.5
Country singer cancels entire tour after admitting 'I am mentally unwell',Fox,,11.0,11.0,1.0,0.0,0.0,0.0,-0.05,0.4125
Actress fires back at critics angry over her attending Mar-a-Lago dog rescue event,Fox,,15.0,15.0,1.0,0.0,0.0,0.0,-0.25,0.5
‘Prometheus’ lands on FBI’s ‘Most Wanted’ list in first-of-its-kind case,Fox,,14.0,14.0,1.0,0.0,0.0,0.0,0.5,0.5
Killer addresses victim's surviving son in final words before lethal injection,Fox,,11.0,11.0,1.0,0.0,0.0,0.0,-0.037500000000000006,0.525
Gunman in Virginia dead after opening fire at Old Dominion University,Fox,,11.0,11.0,1.0,0.0,0.0,0.0,-0.05,0.30000000000000004
Cowboys star's fiancée confronted quarterback with ultimatum before split,Fox,,10.0,10.0,1.0,0.0,0.0,0.0,0.0,0.0
STREAMING LIVE: Catch the BIG EAST Men’s Basketball Tournament March 12 - 14 on FOX One. Watch 7 days free!,Fox,,17.0,17.0,1.0,1.0,0.0,0.0,0.21212121212121213,0.4666666666666666
Rachel Zegler blames critics for disastrous 'Snow White' flop in new interviewable,Fox,,12.0,12.0,1.0,0.0,0.0,0.0,-0.18787878787878787,0.4181818181818182
STREAMING LIVE: The World Baseball Classic from March 4 - 17 is on FOX One. Watch 7 Days Free!,Fox,,15.0,15.0,1.0,1.0,0.0,0.0,0.2676767676767677,0.48888888888888893
Sleep better for less: 12 Amazon bedding picks under $50,Fox,,8.0,8.0,1.0,0.0,0.0,0.0,0.16666666666666669,0.2833333333333333
Hall of Famer Tony Dungy announces NBC let him go after 17 seasons on pregame show,Fox,,15.0,15.0,1.0,0.0,0.0,0.0,0.0,0.0
New 9.9% income tax heading to Washington gov's desk after marathon vote,Fox,,11.0,11.0,1.0,0.0,0.0,0.0,0.13636363636363635,0.45454545454545453
Donny Osmond uses his grandson's body to recreate his teenage self on stage,Fox,,13.0,12.0,0.9230769230769231,0.0,0.0,0.0,0.0,0.0
Georgia judge hands down order on whether Laken Riley's killer can get a new trial,Fox,,15.0,15.0,1.0,0.0,0.0,0.0,-0.009595959595959602,0.3717171717171717
Dr Oz springs into action to help woman having medical episode during Trump's speech,Fox,,14.0,14.0,1.0,0.0,0.0,0.0,0.05,0.05
Travis Kelce took brother's advice to avoid emotional decision on Chiefs future,Fox,,12.0,12.0,1.0,0.0,0.0,0.0,0.0,0.3875
Kelly Clarkson claims 'American Idol' lied about million-dollar check,Fox,,10.0,10.0,1.0,0.0,0.0,0.0,0.0,0.0
Major airport asks passengers to donate to TSA workers who are going without pay,Fox,,14.0,13.0,0.9285714285714286,0.0,0.0,0.0,0.0625,0.5
♠ CLICK HERE TO PLAY NOW! ♦,Fox,,5.0,5.0,1.0,1.0,0.0,0.0,0.0,0.0
Paraglider makes emergency landing on packed ski slope after hours in the air,Fox,,13.0,13.0,1.0,0.0,0.0,0.0,0.0,0.0
Country stars team up for divorce duet after years-long feud over alleged stolen song,Fox,,15.0,15.0,1.0,0.0,0.0,0.0,-0.1,0.1
Senate GOP eyes blame game as Trump-backed SAVE Act heads for defeat,Fox,,13.0,13.0,1.0,0.0,0.0,0.0,-0.4,0.4
"Cozy Earth slashes prices for Sleep Week – save on pillows, blankets and pajama sets",Fox,,14.0,14.0,1.0,0.0,0.0,1.0,-0.19999999999999998,0.75
MMA-trained teen subdues alleged ax-wielding attacker at Florida car wash,Fox,,12.0,12.0,1.0,0.0,0.0,0.0,-0.05,0.05
"DAVID MARCUS: Message from Mamdani, Khalil and the Islamist haters is clear and chilling",Fox,,14.0,13.0,0.9285714285714286,0.0,0.0,1.0,-0.2,0.6416666666666666
Team USA star reveals whether Olympic gold tops Stanley Cup on 'Hang Out with Sean Hannity',Fox,,16.0,16.0,1.0,0.0,0.0,0.0,0.0,0.0
Most famous name in Democrat politics reveals why he's now an 'outsider' in NYC,Fox,,14.0,13.0,0.9285714285714286,0.0,0.0,0.0,0.5,0.75
"Get your lawn ready for spring with these tools, starting at $21",Fox,,11.0,11.0,1.0,0.0,0.0,1.0,0.1,0.3
California rips out thousands of acres of vineyards as young Americans quit drinking,Fox,,13.0,12.0,0.9230769230769231,0.0,0.0,0.0,0.1,0.4
AMERICAN CULTURE QUIZ: Test yourself on baseball bests and nutty nibbles,Fox,,11.0,11.0,1.0,0.0,0.0,0.0,0.0,0.0
Company will soon break ground for nation's first oil refinery in nearly 50 years,Fox,,13.0,13.0,1.0,0.0,0.0,0.0,0.175,0.3666666666666667
First-grader wins appeal after being punished over friendship drawing,Fox,,10.0,10.0,1.0,0.0,0.0,0.0,0.3,0.2
Four-time deported illegal alien allegedly shoves elderly vet onto subway tracks in NYC,Fox,,14.0,14.0,1.0,0.0,0.0,0.0,-0.2833333333333333,0.45
Military expert says Iran drone attacks on California ‘easy to kill’,Fox,,11.0,11.0,1.0,0.0,0.0,0.0,0.16666666666666669,0.4666666666666667
Outgoing BBC boss warns of 'full-on crisis' as $10B Trump lawsuit looms,Fox,,13.0,13.0,1.0,0.0,0.0,0.0,0.0,0.0
GOP Gov Spanberger's Republican cousin launches bid to flip House seat,Fox,,11.0,11.0,1.0,0.0,0.0,0.0,0.0,0.0
Critical colon cancer signs that doctors say require earlier screenings,Fox,,10.0,10.0,1.0,0.0,0.0,0.0,0.0,0.65
Enter a small business that made America what it is today for their chance to win $25k!,Fox,,17.0,17.0,1.0,1.0,0.0,0.0,0.375,0.4
Amateur tracker digs up notorious bombing playbook to chase down NY terror suspect,Fox,,13.0,13.0,1.0,0.0,0.0,0.0,-0.20277777777777778,0.2694444444444445
Trump says high oil prices benefit the US as world's largest producer,Fox,,12.0,12.0,1.0,0.0,0.0,0.0,0.16,0.54
Clyburn seeks 18th term as Democrats face fallout over aging leadership,Fox,,11.0,11.0,1.0,0.0,0.0,0.0,0.0,0.0
Rogan mocks CNN's deleted post describing alleged bombers as Pennsylvania teens,Fox,,11.0,11.0,1.0,0.0,0.0,0.0,-0.1,0.1
NFL eyes Thanksgiving Eve game as ex-star warns against watering down,Fox,,12.0,12.0,1.0,0.0,0.0,0.0,-0.2777777777777778,0.34444444444444444
Virginia GOP flips deep blue county seat after Dem rocked by resurfaced racist posts,Fox,,14.0,14.0,1.0,0.0,0.0,0.0,0.0,0.25
California wealth tax measure backfires as billionaires rush Florida real estate deals,Fox,,12.0,12.0,1.0,0.0,0.0,0.0,0.2,0.30000000000000004
Violent tornadoes tear 'catastrophic' path across two states as storms push east,Fox,,12.0,12.0,1.0,0.0,0.0,0.0,-0.8,1.0
Fox News IQ: Executive Orders to March Madness — Predict the Week,Fox,,11.0,11.0,1.0,0.0,0.0,0.0,0.0,0.0
Political cartoons of the day,Fox,,5.0,5.0,1.0,0.0,0.0,0.0,0.0,0.1
Country star's provocative music video stuns fans,Fox,,7.0,7.0,1.0,0.0,0.0,0.0,0.0,0.0
"Talarico gets Davis, O’Rourke treatment as press pushes another 'turn Texas blue' fantasy",Fox,,14.0,14.0,1.0,0.0,0.0,1.0,0.0,0.1
"Video shows Bill Clinton pushing Hillary into NYC street as she protests 'No, no, no!'",Fox,,16.0,15.0,0.9375,1.0,0.0,2.0,0.0,0.0
Ex-Iranian women's soccer player reveals regime's brutal threat after hijab photo,Fox,,12.0,12.0,1.0,0.0,0.0,0.0,-0.875,1.0
Brandon Herrera snags Trump endorsement as married rival bows out over affair,Fox,,12.0,12.0,1.0,0.0,0.0,0.0,0.25,0.25
Sheriff in Nancy Guthrie case updates his resume after report flags fudged resignation,Fox,,13.0,13.0,1.0,0.0,0.0,0.0,0.0,0.0
"SEN CYNTHIA LUMMIS: To beat China and Russia, unleash US nuclear energy",Fox,,12.0,12.0,1.0,0.0,0.0,1.0,0.0,0.0
Oracle braces for massive layoffs amid AI cash crunch,Fox,,9.0,9.0,1.0,0.0,0.0,0.0,0.0,1.0
"KITCHEN CABINET: Delicious recipes, surprising power foods & juicy secrets to eating better",Fox,,12.0,12.0,1.0,0.0,0.0,1.0,0.7333333333333334,0.6666666666666666
"VACATION MODE: Discover your next getaway, travel hacks & expert recommendations",Fox,,10.0,10.0,1.0,0.0,0.0,1.0,0.0,0.0
FUN FACT: A 1923 real-estate stunt is why the Hollywood Sign first said 'Hollywoodland',Fox,,14.0,14.0,1.0,0.0,0.0,0.0,0.275,0.26666666666666666
"PICTURE OF HEALTH: Doctors on call for you, tips to staying fit & key warning signs",Fox,,15.0,15.0,1.0,0.0,0.0,1.0,0.2,0.7
Scattergories Daily,Fox,,2.0,2.0,1.0,0.0,0.0,0.0,0.0,0.0
From slaying giants to leading a nation. Watch David: King of Israel streaming now on Fox Nation.,Fox,,17.0,16.0,0.9411764705882353,0.0,0.0,0.0,0.0,0.0
Features & Faces,Fox,,2.0,2.0,1.0,0.0,0.0,0.0,0.0,0.0
Ryan Clark Calls Trump Admin 'Illegitimate' And Iran Video of NFL Highlights 'Disgusting',Fox,,13.0,13.0,1.0,0.0,0.0,0.0,-1.0,1.0
"Trump Welcomes Iran To World Cup, But Says It's Not 'Appropriate' Due To Safety Concerns",Fox,,15.0,14.0,0.9333333333333333,0.0,0.0,1.0,-0.1875,0.4375
FBI Director Kash Patel Gets His Wish As UFC Fighters Are Set To Train Agents,Fox,,15.0,15.0,1.0,0.0,0.0,0.0,0.0,0.0
The Worst Part Of Last Year's March Madness Is Running It Back,Fox,,12.0,12.0,1.0,0.0,0.0,0.0,-0.3333333333333333,0.35555555555555557
Digital Originals,Fox,,2.0,2.0,1.0,0.0,0.0,0.0,0.0,0.0
"From Nashville to Chicago's South Side, fatherlessness haunts America",Fox,,9.0,9.0,1.0,0.0,0.0,1.0,0.0,0.0
The socialist crime blueprint begins. NYC leaders pull back the curtain on Mamdani’s vision for public safety,Fox,,18.0,17.0,0.9444444444444444,0.0,0.0,0.0,0.0,0.03333333333333333
NYC landlords fire back at ‘racist’ Mamdani aide's claim that ties homeownership to 'White supremacy',Fox,,15.0,15.0,1.0,0.0,0.0,0.0,0.0,0.0
My walk across America proves we're not nearly as divided as DC claims,Fox,,13.0,12.0,0.9230769230769231,0.0,0.0,0.0,0.125,0.2
"Iran proxies wage war on Israel, threaten US interests as Iraq slammed for not disarming them",Fox,,16.0,16.0,1.0,0.0,0.0,1.0,0.0,0.0
Major city doubles its visitor tax to become one of highest amid overtourism concerns,Fox,,14.0,14.0,1.0,0.0,0.0,0.0,0.0625,0.5
"Fox News Poll: Voters give poor marks to economy, Congress and Trump",Fox,,12.0,12.0,1.0,0.0,0.0,1.0,-0.4,0.6
US whiskey exports to Canada collapse nearly 70% after Trump tariff fight,Fox,,11.0,11.0,1.0,0.0,0.0,0.0,0.1,0.4
Grieving Virginia mother tells far-left prosecutor 'do your job' after daughter stabbed to death,Fox,,15.0,15.0,1.0,0.0,0.0,0.0,0.0,0.0
Team USA hockey star Matthew Tkachuk reveals whether Olympic gold tops Stanley Cup win,Fox,,14.0,14.0,1.0,0.0,0.0,0.0,0.8,0.4
BlackRock CEO Larry Fink argues US-Iran conflict won't derail economy as gas prices surge,Fox,,15.0,15.0,1.0,0.0,0.0,0.0,0.0,0.0
Iranian-born scholar warns regime was an 'aggressively patient threat waiting to pounce' on America,Fox,,15.0,15.0,1.0,0.0,0.0,0.0,0.0,0.0
"Clyburn, 85, bucks Democrat generational revolt with bid for 18th term in Congress",Fox,,12.0,12.0,1.0,0.0,0.0,2.0,0.0,0.0
SCOOP: Democratic Virginia Gov Spanberger's Republican cousin aims to flip key House seat red,Fox,,14.0,14.0,1.0,0.0,0.0,0.0,0.0,0.5
GOP billionaire trying to woo Trump's support in key Georgia race bankrolled his 2024 presidential rivals,Fox,,15.0,15.0,1.0,0.0,0.0,0.0,0.0,1.0
Nancy Pelosi endorses former Capitol Police Officer Harry Dunn in second congressional bid,Fox,,13.0,13.0,1.0,0.0,0.0,0.0,0.0,0.0
Personal Freedoms,Fox,,2.0,2.0,1.0,0.0,0.0,0.0,0.0,0.3
"Trump admin pulls $120K in grants for research on LGBTQ cartoonists, ‘multiethnic’ studies, report says",Fox,,15.0,15.0,1.0,0.0,0.0,2.0,0.0,0.0
"Federal judge skeptical of Pentagon rules for reporters, saying 'asking a question is not criminal'",Fox,,15.0,15.0,1.0,0.0,0.0,1.0,-0.15,0.525
Appeals court declares DC ban on certain gun magazines unconstitutional,Fox,,10.0,10.0,1.0,0.0,0.0,0.0,0.21428571428571427,0.5714285714285714
Mike Lee unveils national constitutional carry bill to override 'hostile' state gun laws,Fox,,13.0,13.0,1.0,0.0,0.0,0.0,0.0,0.0
China passes 'ethnic unity' law in push for assimilation,Fox,,9.0,9.0,1.0,0.0,0.0,0.0,0.0,0.0
"Israel hits back after coordinated Iran-Hezbollah missile, drone strikes, urges Beirut to rein in terrorists",Fox,,16.0,16.0,1.0,0.0,0.0,2.0,0.0,0.0
Spain permanently pulls ambassador from Israel amid Iran war,Fox,,9.0,9.0,1.0,0.0,0.0,0.0,0.0,0.0
Canada’s Carney under pressure to act after synagogues shot at in latest antisemitic incidents,Fox,,15.0,15.0,1.0,0.0,0.0,0.0,0.5,0.9
"DAVID MARCUS: The more America gives Mamdani, Khalil and the mad bombers, the more they hate us",Fox,,17.0,14.0,0.8235294117647058,0.0,0.0,2.0,-0.10625000000000001,0.725
Iran war jeopardizes Trump economic boom before key midterm elections,Fox,,10.0,10.0,1.0,0.0,0.0,0.0,0.1,0.6
STEVE MOORE: Five energy truths the media ignore as America’s oil boom blunts the Iran war’s impact,Fox,,19.0,17.0,0.8947368421052632,0.0,0.0,0.0,0.0,0.0
MORNING GLORY: President Trump and the US are waging a righteous battle — and winning,Fox,,14.0,13.0,0.9285714285714286,0.0,0.0,0.0,0.5,0.75
Red flags for colorectal cancer that warrant screenings before 45 years of age,Fox,,12.0,12.0,1.0,0.0,0.0,0.0,0.0,0.0
Nearly half of seniors improve with age — and researchers think they know why,Fox,,13.0,13.0,1.0,0.0,0.0,0.0,-0.16666666666666666,0.16666666666666666
Male fertility rates crash as doctors reveal health threats: 'Something very wrong',Fox,,12.0,12.0,1.0,0.0,0.0,0.0,-0.325,0.55
Lurking dementia risk exposed by breakthrough test 25 years before symptoms,Fox,,10.0,10.0,1.0,0.0,0.0,0.0,0.0,0.0
Shooting in Old Dominion University hall injures two; gunman dead,Fox,,10.0,10.0,1.0,0.0,0.0,0.0,-0.05,0.30000000000000004
FBI’s iconic Most Wanted list enters new era with unprecedented addition,Fox,,12.0,12.0,1.0,0.0,0.0,0.0,0.4340909090909091,0.5886363636363636
Grieving Virginia mother tells far-left prosecutor 'do your job' after daughter stabbed to death,Fox,,15.0,15.0,1.0,0.0,0.0,0.0,0.0,0.0
Texas death row inmate uses final statement before execution to speak directly to victims' family,Fox,,15.0,14.0,0.9333333333333333,0.0,0.0,0.0,0.05,0.7
America Together,Fox,,2.0,2.0,1.0,0.0,0.0,0.0,0.0,0.0
Stop trusting political parties to save urban America. It's time for us to rise and rebuild,Fox,,16.0,15.0,0.9375,0.0,0.0,0.0,0.0,0.05
DAVID MARCUS: Patriotic Team USA wins gold as anti-America whiners flop,Fox,,12.0,12.0,1.0,0.0,0.0,0.0,0.3,0.2
USA women's hockey sings national anthem arm in arm after Olympic gold medal win: 'The best part',Fox,,17.0,16.0,0.9411764705882353,0.0,0.0,0.0,0.9,0.35
Rare and original American founding documents to fly on Freedom Plane across nation,Fox,,13.0,13.0,1.0,0.0,0.0,0.0,0.36875,0.6375
Missing retired Air Force general consulted on UFOs for Blink-182's Tom DeLonge,Fox,,13.0,13.0,1.0,0.0,0.0,0.0,-0.075,0.275
"US destroys aging Iranian warplanes, video shows",Fox,,7.0,7.0,1.0,0.0,0.0,1.0,0.0,0.0
BRETT VELICOVICH: Iran built a drone terror machine — America just hacked it,Fox,,12.0,12.0,1.0,0.0,0.0,0.0,0.0,0.0
DOJ accelerates settlement offers in Camp Lejeune water contamination cases,Fox,,10.0,10.0,1.0,0.0,0.0,0.0,0.1,0.0
Kelly Clarkson says 'American Idol' producers 'lied' about $1M prize,Fox,,10.0,10.0,1.0,0.0,0.0,0.0,0.0,0.0
"Country singer Colter Wall cancels tour, admits he is ‘mentally unwell’",Fox,,11.0,11.0,1.0,0.0,0.0,1.0,-0.1,0.2
Kacey Musgraves addresses rumored feud with Miranda Lambert over a song,Fox,,11.0,11.0,1.0,0.0,0.0,0.0,0.0,0.0
Former Prince Andrew's ex-assistant emerges as 'key witness' in his investigation: experts,Fox,,13.0,13.0,1.0,0.0,0.0,0.0,0.0,0.5
"Men's NCAA Tournament Bubble Tracker: Indiana, Texas Take Losses",Fox,,9.0,9.0,1.0,0.0,0.0,1.0,0.0,0.0
Hall of Famer Tony Dungy announces NBC let him go after 17 seasons on their pregame show,Fox,,16.0,16.0,1.0,0.0,0.0,0.0,0.0,0.0
Travis Kelce insists Chiefs return in 2026 was never in doubt: 'Hungry to get back',Fox,,14.0,13.0,0.9285714285714286,0.0,0.0,0.0,0.0,0.0
Ex-NFL star cautions league about 'giving fans too much' as Thanksgiving Eve game reportedly eyed,Fox,,16.0,16.0,1.0,0.0,0.0,0.0,-0.1,0.30000000000000004
FBI responding to reports of 'active shooting situation' at Michigan synagogue,Fox,,11.0,11.0,1.0,0.0,0.0,0.0,-0.13333333333333333,0.6
Judge says no new trial for Laken Riley killer Jose Ibarra,Fox,,11.0,11.0,1.0,0.0,0.0,0.0,-0.06818181818181818,0.45454545454545453
Shooting in Old Dominion University hall injures two; gunman dead,Fox,,10.0,10.0,1.0,0.0,0.0,0.0,-0.05,0.30000000000000004
FBI’s iconic Most Wanted list enters new era with unprecedented addition,Fox,,12.0,12.0,1.0,0.0,0.0,0.0,0.4340909090909091,0.5886363636363636
Texas death row inmate uses final statement before execution to speak directly to victims' family,Fox,,15.0,14.0,0.9333333333333333,0.0,0.0,0.0,0.05,0.7
"Ex-Meta boss Sheryl Sandberg rips tradwife trend as 'sexist,' harmful to women",Fox,,14.0,14.0,1.0,0.0,0.0,1.0,0.0,0.0
"Wealthy summer sanctuary limits tourists, hires patrol 'docents' to keep outsiders in check",Fox,,13.0,13.0,1.0,0.0,0.0,1.0,0.5,1.0
Hilary Duff makes heartbreaking family confession: 'My sister and I don't speak',Fox,,12.0,12.0,1.0,0.0,0.0,0.0,0.0,0.0
Personal Finance,Fox,,2.0,2.0,1.0,0.0,0.0,0.0,0.0,0.3
Tax Day is coming: Avoid these 5 common mistakes that can cost you money,Fox,,13.0,13.0,1.0,0.0,0.0,0.0,-0.3,0.5
How Social Security recipients can boost their benefit checks,Fox,,9.0,9.0,1.0,0.0,0.0,0.0,0.03333333333333333,0.06666666666666667
IRS unveils proposed regulations for new Trump Accounts savings program,Fox,,10.0,10.0,1.0,0.0,0.0,0.0,0.13636363636363635,0.45454545454545453
Americans tap retirement funds at record rates as mounting financial stress takes toll,Fox,,13.0,13.0,1.0,0.0,0.0,0.0,0.0,0.0
Donny Osmond uses AI to sing with his 14-year-old self,Fox,,11.0,11.0,1.0,0.0,0.0,0.0,0.0,0.0
Tax scams through the years and what to know this year,Fox,,11.0,11.0,1.0,0.0,0.0,0.0,0.0,0.0
Transfer photos from your phone to a hard drive,Fox,,9.0,9.0,1.0,0.0,0.0,0.0,-0.2916666666666667,0.5416666666666666
1 billion identity records exposed in ID verification data leak,Fox,,9.0,9.0,1.0,0.0,0.0,0.0,0.0,0.0
Nicole Kidman breaks silence on life after Keith Urban divorce,Fox,,10.0,10.0,1.0,0.0,0.0,0.0,0.0,0.0
Liza Minnelli says drug-fueled Martin Scorsese love affair turned into a 'self-destructive obsession',Fox,,15.0,15.0,1.0,0.0,0.0,0.0,0.5,0.6
Brooke Shields makes rare public comment about JFK Jr.'s kissing skills decades after brief fling,Fox,,16.0,16.0,1.0,0.0,0.0,0.0,0.09999999999999999,0.43333333333333335
Harvey Weinstein says Gwyneth Paltrow 'owes her career' to him as he dismisses her massage allegations,Fox,,16.0,15.0,0.9375,0.0,0.0,0.0,0.0,0.0
FOX Business launches 'Made in America' small business contest with $25K cash prizes for winners,Fox,,15.0,14.0,0.9333333333333333,0.0,0.0,0.0,-0.25,0.4
"Washington passes ""millionaires tax"" despite concerns of wealth flight",Fox,,9.0,9.0,1.0,0.0,0.0,0.0,0.0,0.0
"Trump says US 'largest oil producer in the world,' but priority remains stopping Iran nuclear capabilities",Fox,,17.0,17.0,1.0,0.0,0.0,1.0,0.0,0.0
Mortgage rates rise to highest level in over a month,Fox,,10.0,10.0,1.0,0.0,0.0,0.0,0.0,0.0
Ancient sanctuary tied to 'most mysterious' cult uncovered in rare find beneath historic city,Fox,,14.0,14.0,1.0,0.0,0.0,0.0,0.2,0.6
"Fox Nation’s ‘Jesus Crown of Thorns’ builds to explosive, betrayal-fueled finale",Fox,,13.0,13.0,1.0,0.0,0.0,1.0,0.0,0.0
"From Nashville to Chicago's South Side, fatherlessness haunts America",Fox,,9.0,9.0,1.0,0.0,0.0,1.0,0.0,0.0
What would Jesus say about AI? Are we building another golden calf?,Fox,,12.0,12.0,1.0,0.0,2.0,0.0,0.3,0.5
2026 NASCAR Odds: Kyle Larson Opens as Early Favorite for Las Vegas,Fox,,11.0,11.0,1.0,0.0,0.0,0.0,0.3,0.65
Alex Bowman to Miss Cup Race at Vegas due to Vertigo,Fox,,11.0,10.0,0.9090909090909091,0.0,0.0,0.0,-0.125,0.375
Driver of the Week: Ryan Blaney Showered With Praise After Phoenix Win,Fox,,12.0,12.0,1.0,0.0,0.0,0.0,0.8,0.4
Kevin Harvick: Open-Wheel Crashes at Phoenix 'Could Have Been Prevented',Fox,,11.0,11.0,1.0,0.0,0.0,0.0,0.0,0.0
Travel + Outdoors,Fox,,2.0,2.0,1.0,0.0,0.0,0.0,0.0,0.0
Paraglider makes emergency landing on packed ski slope after spending hours in the air,Fox,,14.0,14.0,1.0,0.0,0.0,0.0,0.0,0.0
Ancient sanctuary tied to 'most mysterious' cult uncovered in rare find beneath historic city,Fox,,14.0,14.0,1.0,0.0,0.0,0.0,0.2,0.6
"Airport security strain during shutdown grows as unpaid TSA officers warn, ‘We’re hurting’",Fox,,14.0,14.0,1.0,0.0,0.0,1.0,0.2,0.4
Bird strike forces major airline to turn around after windshield is cracked midair,Fox,,13.0,13.0,1.0,0.0,0.0,0.0,0.0625,0.5
Donny Osmond uses AI to sing with his 14-year-old self,Fox,,11.0,11.0,1.0,0.0,0.0,0.0,0.0,0.0
Dead Kennedys frontman Jello Biafra hospitalized after suffering hemorrhagic stroke,Fox,,10.0,10.0,1.0,0.0,0.0,0.0,-0.2,0.4
Paul McCartney says Yoko Ono claimed John Lennon 'might have been gay' after his death,Fox,,15.0,15.0,1.0,0.0,0.0,0.0,0.4166666666666667,0.5833333333333334
Hilary Duff makes heartbreaking family confession: 'My sister and I don't speak',Fox,,12.0,12.0,1.0,0.0,0.0,0.0,0.0,0.0
'Bloodbath' hits wine country as millennials and boomers abandon alcohol,Fox,,10.0,10.0,1.0,0.0,0.0,0.0,0.0,0.0
Sewage spill in Potomac River crushes oyster industry as seafood season ramps up: 'It's devastating us',Fox,,16.0,16.0,1.0,0.0,0.0,0.0,-1.0,1.0
Cancer doctor says Americans should eat more of 5 key protective foods,Fox,,11.0,11.0,1.0,0.0,0.0,0.0,0.25,0.75
Americans are fed up with tipping culture as nearly 9 in 10 say it's completely 'out of control',Fox,,16.0,16.0,1.0,0.0,0.0,0.0,0.1,0.4
"Back-to-back winter storms target millions across Midwest, New England with blizzard conditions, feet of snow",Fox,,17.0,16.0,0.9411764705882353,0.0,0.0,2.0,0.13636363636363635,0.45454545454545453
"Millions along I-95 corridor to see snow, cold temperatures as winter returns, following days of record warmth",Fox,,17.0,17.0,1.0,0.0,0.0,2.0,-0.3,0.55
"1 dead, 3 injured after severe storms slam Mississippi amid powerful multiday threat",Fox,,11.0,11.0,1.0,0.0,0.0,1.0,0.04999999999999999,0.7
"Powerful Kona Low to lash Hawaii with torrential rain, fierce winds, blizzard conditions, Flood Watches issued",Fox,,16.0,16.0,1.0,0.0,0.0,3.0,0.15,0.65
"Fox News At Night - Wednesday, March 11",Fox,,6.0,6.0,1.0,0.0,0.0,1.0,0.0,0.0
"GUTFELD! - Wednesday, March 11",Fox,,3.0,3.0,1.0,1.0,0.0,1.0,0.0,0.0
"The Ingraham Angle - Wednesday, March 11",Fox,,5.0,5.0,1.0,0.0,0.0,1.0,0.0,0.0
"Hannity - Wednesday, March 11",Fox,,3.0,3.0,1.0,0.0,0.0,1.0,0.0,0.0
"Three Dog Night's Chuck Negron, voice behind 'Joy to the World,' dead at 83",Fox,,14.0,14.0,1.0,0.0,0.0,2.0,0.06666666666666667,0.4333333333333333
Man who claims he took iconic 'Napalm Girl' photo speaks out as AP stands by photographer credited for decades,Fox,,19.0,19.0,1.0,0.0,0.0,0.0,0.5,0.5
AP stands by photographer as new Netflix doc disputes credit of iconic 'Napalm Girl' photo from Vietnam War,Fox,,18.0,18.0,1.0,0.0,0.0,0.0,0.3181818181818182,0.4772727272727273
Pope Leo XIV calls for 'divine gift of peace' in maiden visit to Middle East,Fox,,15.0,15.0,1.0,0.0,0.0,0.0,0.0,0.0
"Journalist loses nearly $10,000 in year-long NFL gambling experiment",Fox,,9.0,9.0,1.0,0.0,0.0,1.0,-0.09999999999999999,0.25
"Departing BBC boss warns network on 'knife edge' amid Trump documentary lawsuit, trust crisis",Fox,,14.0,14.0,1.0,0.0,0.0,1.0,0.0,0.0
"Proposed California wealth tax drives billionaire exodus to Florida real estate, locals confirm",Fox,,13.0,13.0,1.0,0.0,0.0,1.0,0.2,0.30000000000000004
Fun fact: The Hollywood sign originally read as 'Hollywoodland' as a 1923 real-estate billboard,Fox,,14.0,13.0,0.9285714285714286,0.0,0.0,0.0,0.3375,0.475
Antisemitism Exposed,Fox,,2.0,2.0,1.0,0.0,0.0,0.0,0.0,0.0
Canada’s Carney under pressure to act after synagogues shot at in latest antisemitic incidents,Fox,,15.0,15.0,1.0,0.0,0.0,0.0,0.5,0.9
"BRUCE PEARL: When a team keeps losing, you make changes — look beyond the Palestinian Authority for peace",Fox,,17.0,17.0,1.0,0.0,0.0,1.0,0.0,0.0
San Jose police investigate violent altercation caught on camera as potential antisemitic hate crime,Fox,,14.0,14.0,1.0,0.0,0.0,0.0,-0.5333333333333333,0.9666666666666667
"DAVID MARCUS: Madman Mamdani’s predictable, disgraceful performance after Gotham terror",Fox,,11.0,11.0,1.0,0.0,0.0,1.0,-0.2,0.5
FBI’s iconic Most Wanted list enters new era with unprecedented addition,Fox,,12.0,12.0,1.0,0.0,0.0,0.0,0.4340909090909091,0.5886363636363636
"ICE busts human smuggling ring that kidnapped family, sexually assaulted pregnant woman",Fox,,12.0,12.0,1.0,0.0,0.0,1.0,0.27777777777777773,0.4777777777777778
"DAVID MARCUS: The more America gives Mamdani, Khalil and the mad bombers, the more they hate us",Fox,,17.0,14.0,0.8235294117647058,0.0,0.0,2.0,-0.10625000000000001,0.725
Four-time deported Honduran arrested after allegedly shoving elderly Air Force vet onto NYC subway tracks,Fox,,16.0,16.0,1.0,0.0,0.0,0.0,-0.1,0.1
Fox News Podcasts,Fox,,3.0,3.0,1.0,0.0,0.0,0.0,0.0,0.0
CNN’s World of Make-Believe,Fox,,6.0,6.0,1.0,0.0,0.0,0.0,0.0,0.0
Trump Could Abruptly Declare the War Over As Iran Runs Short on Ammunition,Fox,,13.0,13.0,1.0,0.0,0.0,0.0,-0.0625,0.65
Tom Brady Spotted Getting Cozy With Scooter Braun’s Ex-Wife!,Fox,,11.0,11.0,1.0,1.0,0.0,0.0,-0.24999999999999997,0.75
Q & Trey: Why a “Free Society” is a Reactive One,Fox,,10.0,9.0,0.9,0.0,0.0,0.0,0.4,0.8
: Israel strikes in the heart of Beirut as Iran’s new leader vows to fight on,AP,,16.0,16.0,1.0,0.0,0.0,0.0,0.13636363636363635,0.45454545454545453
"Iran-linked hackers take aim at US and other targets, raising risk of cyberattacks during war",AP,,16.0,16.0,1.0,0.0,0.0,1.0,-0.125,0.375
Iran’s attacks on Mideast shipping and energy infrastructure seek to inflict global economic pain,AP,,15.0,15.0,1.0,0.0,0.0,0.0,0.1,0.1
California governor says no imminent threat despite warning about possible Iran drone attack,AP,,13.0,13.0,1.0,0.0,0.0,0.0,0.0,1.0
Damage to historical sites in Iran raises alarm about war’s impact on protected places,AP,,15.0,15.0,1.0,0.0,0.0,0.0,0.0,0.0
Israeli military drops charges against soldiers accused of sexually assaulting Palestinian detainee,AP,,12.0,12.0,1.0,0.0,0.0,0.0,0.2,0.4666666666666667
"Suspect in Michigan synagogue attack is dead, AP source says",AP,,10.0,10.0,1.0,0.0,0.0,1.0,-0.2,0.4
State lawmakers offer 2 cents on cash transactions without pennies,AP,,9.0,9.0,1.0,0.0,0.0,0.0,0.0,0.0
"Trump touts cutting drug prices, slams fellow Republican Rep. Massie during stops in Ohio, Kentucky",AP,,15.0,15.0,1.0,0.0,0.0,2.0,-0.6,0.9
Should Trump endorse Cornyn? Some Texas Republicans say it would be a MAGA ‘mistake’,AP,,14.0,14.0,1.0,0.0,1.0,0.0,0.0,0.0
Long-serving Democrat Jim Clyburn of South Carolina will run for an 18th term in Congress,AP,,16.0,16.0,1.0,0.0,0.0,0.0,0.0,0.0
"When stock markets get shaken, it can pay for investors to be patient",AP,,13.0,13.0,1.0,0.0,0.0,1.0,0.0,0.0
AP Exclusive: Smithsonian museum will revamp its slavery exhibit after artifact loan runs out,AP,,14.0,14.0,1.0,0.0,0.0,0.0,0.0,0.0
Winter heat wave will send temperatures into the 90s across Southern California,AP,,12.0,12.0,1.0,0.0,0.0,0.0,0.0,0.0
Competency review ordered for leader of cultlike Zizians group that has been linked to 6 deaths,AP,,15.0,15.0,1.0,0.0,0.0,0.0,0.0,0.0
"Gunman who injured 2 people at Old Dominion University in Virginia is dead, college says",AP,,14.0,14.0,1.0,0.0,0.0,1.0,-0.05,0.30000000000000004
Lawyers in landmark social media addiction trial make final appeals to the jury,AP,,13.0,13.0,1.0,0.0,0.0,0.0,0.016666666666666666,0.5333333333333333
"FC Barcelona’s 100,000-plus members vote for president with club buried under a mountain of debt",AP,,16.0,16.0,1.0,0.0,0.0,1.0,0.0,0.0
"Young Cubans turn to church and state as cheap, synthetic drugs flood the streets",AP,,14.0,14.0,1.0,0.0,0.0,1.0,0.25,0.55
One Tech Tip: How do you use an f-stop?,AP,,10.0,10.0,1.0,0.0,1.0,0.0,0.0,0.0
Photo highlights from the Milan Cortina Winter Paralympics,AP,,8.0,8.0,1.0,0.0,0.0,0.0,0.0,0.0
Smaller portions are a big restaurant trend as customers watch their budgets and waistlines,AP,,14.0,14.0,1.0,0.0,0.0,0.0,0.0,0.3
Most watched videos,AP,,3.0,3.0,1.0,0.0,0.0,0.0,0.5,0.5
Steel pipe protudes 13 meters above ground on a highway in Osaka,AP,,11.0,11.0,1.0,0.0,0.0,0.0,0.0,0.1
"Film cameras are trendy again, here’s how to use one",AP,,11.0,11.0,1.0,0.0,0.0,1.0,0.6,0.9
"Iran continues unrelenting attacks on shipping, energy infrastructure in Persian Gulf",AP,,11.0,11.0,1.0,0.0,0.0,1.0,0.0,0.0
Images released by Royal Thai Navy shows Thai cargo ship set ablaze in Strait of Hormuz,AP,,16.0,15.0,0.9375,0.0,0.0,0.0,0.0,0.0
US military says it destroyed 16 Iranian minelayers near the Strait of Hormuz,AP,,12.0,12.0,1.0,0.0,0.0,0.0,0.0,0.25
CCTV video shows the moment an Iran missile hit central Israel,AP,,11.0,11.0,1.0,0.0,0.0,0.0,0.0,0.25
Nobody said vegetable gardens must be in the backyard. Put them out front if it’s sunny,AP,,17.0,17.0,1.0,0.0,0.0,0.0,0.0,0.0
Traditional reindeer racing is delighting spectators in frigid Finland,AP,,9.0,9.0,1.0,0.0,0.0,0.0,-0.45,0.875
Young people are turning to old-school hobbies to get off their phones,AP,,13.0,12.0,0.9230769230769231,0.0,0.0,0.0,0.1,0.4
Retirement savings plans can be used to fund a home down payment. But should you?,AP,,15.0,15.0,1.0,0.0,1.0,0.0,-0.15555555555555556,0.2888888888888889
Downtown Anchorage braces for a canine takeover as the Iditarod’s 54th run begins,AP,,14.0,14.0,1.0,0.0,0.0,0.0,0.0,0.0
TODAY IN HISTORY,AP,,3.0,3.0,1.0,0.0,0.0,0.0,0.0,0.0
1930: Gandhi begins ‘Salt March’,AP,,4.0,4.0,1.0,0.0,0.0,0.0,0.0,0.0
Pentagon blocks photographers from Hegseth’s briefings on the Iran war,AP,,11.0,11.0,1.0,0.0,0.0,0.0,0.0,0.0
Judge denies restraining order for conservative media figures who sought press passes,AP,,12.0,12.0,1.0,0.0,0.0,0.0,0.0,0.0
Lords a-leaving: Britain is ejecting hereditary nobles from Parliament after 700 years,AP,,12.0,12.0,1.0,0.0,0.0,0.0,0.0,0.0
Human waste backing up in basements is a gut-churning sign of US infrastructure problems,AP,,15.0,15.0,1.0,0.0,0.0,0.0,-0.1,0.05
Israel strikes in the heart of Beirut as Iran’s new leader vows to fight on,AP,,16.0,16.0,1.0,0.0,0.0,0.0,0.13636363636363635,0.45454545454545453
Do you really need a water filter? Here’s what experts say,AP,,12.0,12.0,1.0,0.0,1.0,0.0,0.2,0.2
Challenging your brain helps keep it healthy. Here’s how to do it,AP,,13.0,12.0,0.9230769230769231,0.0,0.0,0.0,0.5,0.75
How springing forward to daylight saving time could affect your health,AP,,11.0,11.0,1.0,0.0,0.0,0.0,0.0,0.0
Be Well-Most popular,AP,,4.0,4.0,1.0,0.0,0.0,0.0,0.6,0.9
Colorectal cancer is rising in younger adults. Here’s who is most at risk and symptoms to watch for,AP,,19.0,18.0,0.9473684210526315,0.0,0.0,0.0,0.25,0.25
Some people tape their mouths shut at night. Doctors wish they wouldn’t,AP,,13.0,13.0,1.0,0.0,0.0,0.0,0.0,0.0
Are expensive shampoos worth it? Here’s what the experts have to say,AP,,13.0,13.0,1.0,0.0,1.0,0.0,-0.1,0.39999999999999997
Here’s what dermatologists are saying about your skin care routine: Keep it simple,AP,,14.0,14.0,1.0,0.0,0.0,0.0,0.0,0.35714285714285715
"Trump pushes economic messages in Kentucky and Ohio as Iran looms large, in photos",AP,,14.0,13.0,0.9285714285714286,0.0,0.0,1.0,0.20714285714285713,0.3142857142857143
Photos show tornado damage after powerful storms hit Illinois and Indiana,AP,,11.0,11.0,1.0,0.0,0.0,0.0,0.3,1.0
The top photos of the day by AP’s photojournalists,AP,,10.0,9.0,0.9,0.0,0.0,0.0,0.5,0.5
Hockey player who lost family in Rhode Island shooting scores winning goal in double overtime,AP,,15.0,14.0,0.9333333333333333,0.0,0.0,0.0,0.25,0.375
"In rural America, a teacher pipeline from abroad starts to dry up",AP,,12.0,12.0,1.0,0.0,0.0,1.0,-0.033333333333333326,0.3
What to know about the Strait of Hormuz,AP,,8.0,8.0,1.0,0.0,0.0,0.0,0.0,0.0
Zelenskyy says Ukraine awaits White House sign-off on US drone production deal,AP,,13.0,13.0,1.0,0.0,0.0,0.0,0.0,0.0
Landslides in southern Ethiopia leave at least 50 people dead and 125 missing,AP,,11.0,11.0,1.0,0.0,0.0,0.0,-0.175,0.21250000000000002
The islands off Iran’s southern coast are key to its economy and security. What to know about them,AP,,19.0,18.0,0.9473684210526315,0.0,0.0,0.0,0.0,0.5
International court drops investigation into US sanctions on Venezuela,AP,,9.0,9.0,1.0,0.0,0.0,0.0,0.0,0.0
"Trump discourages Iranian soccer team from attending the World Cup, citing safety concerns",AP,,13.0,13.0,1.0,0.0,0.0,1.0,0.0,0.0
Utah’s anti-gambling tradition meets Kalshi and Polymarket in a new legal fight,AP,,14.0,14.0,1.0,0.0,0.0,0.0,0.16818181818181818,0.32727272727272727
Senate passes bipartisan housing bill to improve access and affordability,AP,,10.0,10.0,1.0,0.0,0.0,0.0,0.0,0.0
Trump administration kicks off new process to try to replace tariffs struck down by Supreme Court,AP,,16.0,15.0,0.9375,0.0,0.0,0.0,-0.009595959595959602,0.3717171717171717
"After years of growth, Georgia’s film industry hits a painful reset",AP,,12.0,12.0,1.0,0.0,0.0,1.0,-0.7,0.9
"Oscars presenters add a former host, three nominees and a famous father-son duo",AP,,14.0,13.0,0.9285714285714286,0.0,0.0,1.0,0.25,0.5
Minimalist horror ‘Undertone’ uses audio and soundscapes to scare you,AP,,10.0,10.0,1.0,0.0,0.0,0.0,0.0,0.0
Morrissey calls off concert in Spain after local festivities deprived him of sleep,AP,,13.0,13.0,1.0,0.0,0.0,0.0,0.0,0.0
"No. 20 Miami (Ohio) drops MAC opener, the first loss for D-I’s last undefeated men’s team",AP,,18.0,17.0,0.9444444444444444,0.0,0.0,1.0,0.125,0.19999999999999998
"NFL free agency: Panthers, 49ers, Patriots, Jets and Rams are early winners",AP,,12.0,12.0,1.0,0.0,0.0,3.0,0.25,0.55
"Vikings host Kyler Murray on a free agent visit after he was cut by the Cardinals, AP source says",AP,,19.0,19.0,1.0,0.0,0.0,1.0,0.4,0.8
WNBA and its players’ union meet for third straight day trying to come to agreement on new CBA,AP,,18.0,17.0,0.9444444444444444,0.0,0.0,0.0,0.11212121212121212,0.28484848484848485
Oil jumps to $100 per barrel and stocks sink worldwide with no clear end in sight for the Iran war,AP,,19.0,19.0,1.0,0.0,0.0,0.0,-0.049999999999999996,0.3833333333333333
"Iran war puts at risk key pipelines, terminals and refineries that supply the world with oil and gas",AP,,18.0,17.0,0.9444444444444444,0.0,0.0,1.0,0.0,1.0
"Amid soaring oil prices, Trump is now turning to the Strategic Petroleum Reserve",AP,,13.0,13.0,1.0,0.0,0.0,1.0,0.0,0.0
South Korean lawmakers pass law to manage Seoul’s pledge of $350 billion in US investments,AP,,15.0,15.0,1.0,0.0,0.0,0.0,0.0,0.0
King penguins are the rare species benefiting from a warming world. But that could change,AP,,15.0,15.0,1.0,0.0,0.0,0.0,0.3,0.9
Old NASA science satellite plunges back to Earth,AP,,8.0,8.0,1.0,0.0,0.0,0.0,0.05,0.1
Towering lava fountains of Kilauea volcano trigger park and highway closures,AP,,11.0,11.0,1.0,0.0,0.0,0.0,0.0,0.0
FDA finds little evidence that a drug touted by Trump can help people with autism,AP,,15.0,15.0,1.0,0.0,0.0,0.0,-0.1875,0.5
"Google overhauls its Maps app, adding in more AI features to help people get around",AP,,15.0,15.0,1.0,0.0,0.0,1.0,0.5,0.5
Celebrity chef René Redzepi resigns from iconic Danish restaurant Noma after abuse allegations,AP,,13.0,13.0,1.0,0.0,0.0,0.0,0.5,0.5
New permanent exhibition shows plaster casts of Pompeii victims frozen at the moment of their death,AP,,16.0,15.0,0.9375,0.0,0.0,0.0,0.13636363636363635,0.45454545454545453
Drivers wonder if they should go electric as the war spikes gas prices,AP,,13.0,13.0,1.0,0.0,0.0,0.0,0.0,0.0
Visually impaired skier racer Meg Gustafson chases Paralympic medals with her brother as guide,AP,,14.0,14.0,1.0,0.0,0.0,0.0,0.0,0.0
An iconic Oregon waterfall was put up for sale on Redfin. Lawmakers approved the money to buy it,AP,,18.0,18.0,1.0,0.0,0.0,0.0,0.5,0.5
"Muslim parents, private schools sue Texas over exclusion of Islamic institutions in voucher program",AP,,14.0,14.0,1.0,0.0,0.0,1.0,0.0,0.375
Eswatini receives third batch of migrants deported by the US,AP,,10.0,10.0,1.0,0.0,0.0,0.0,0.0,0.0
Mississippi to join Trump Administration’s foster parent recruitment initiative,AP,,10.0,10.0,1.0,0.0,0.0,0.0,0.0,0.0
Mexico’s president promises ‘Plan B’ after congressional defeat of electoral reforms,AP,,12.0,12.0,1.0,0.0,0.0,0.0,0.0,0.0
Key quotes from Iran’s supreme leader’s first public statement,AP,,11.0,10.0,0.9090909090909091,0.0,0.0,0.0,0.08333333333333333,0.4666666666666666
"As public schools face financial crisis, lawmakers offer no help for students in poverty",AP,,14.0,14.0,1.0,0.0,0.0,1.0,0.0,0.03333333333333333
Test your knowledge on the 2026 Oscar nominees,AP,,7.0,7.0,1.0,0.0,0.0,0.0,0.0,0.0
Mine collapse in Central African Republic kills 8,AP,,7.0,7.0,1.0,0.0,0.0,0.0,0.0,0.125
Specially built wood horn known as holztrompete sounds at Met Opera in Wagner’s `Tristan und Isolde’,AP,,17.0,17.0,1.0,0.0,0.0,0.0,0.35714285714285715,0.5714285714285714
Former rapper’s fledgling political party sweeps Nepal’s first post-revolt election,AP,,13.0,12.0,0.9230769230769231,0.0,0.0,0.0,0.08333333333333333,0.14444444444444446
"Average US long-term mortgage rate rises to 6.11%, back to where it was 5 weeks ago",AP,,15.0,14.0,0.9333333333333333,0.0,0.0,1.0,-0.075,0.19999999999999998
Latvia’s security service says 2 people set fire to a train and rail equipment for Russia,AP,,16.0,16.0,1.0,0.0,0.0,0.0,0.0,0.0
AFA president Claudio Tapia appears in Buenos Aires court in tax case,AP,,12.0,11.0,0.9166666666666666,0.0,0.0,0.0,0.0,0.0
Starmer’s pick of Epstein ‘pal’ as top British envoy haunts prime minister,AP,,13.0,13.0,1.0,0.0,0.0,0.0,0.25,0.25
A giant steel pipe’s mysterious overnight growth spurt baffles a Japanese city,AP,,13.0,12.0,0.9230769230769231,0.0,0.0,0.0,0.0,0.6666666666666666
Ohio State names provost as its new president after predecessor’s abrupt resignation,AP,,13.0,13.0,1.0,0.0,0.0,0.0,0.005681818181818177,0.7272727272727273
Pope appoints trusted fellow Augustinian to run Vatican’s charity office,AP,,11.0,11.0,1.0,0.0,0.0,0.0,0.0,0.0
PWHL to reach national US TV audience with Scripps Sports to broadcast neutral site game in Detroit,AP,,17.0,16.0,0.9411764705882353,0.0,0.0,0.0,-0.4,0.4
Hungary to declassify security report as Orbán claims Ukraine is illegally funding his opponent,AP,,15.0,15.0,1.0,0.0,0.0,0.0,-0.5,0.5
"US applications for unemployment benefits inch down to 213,000 as layoffs remain stable",AP,,12.0,12.0,1.0,0.0,0.0,1.0,-0.15555555555555556,0.2888888888888889
Ships identify themselves as Chinese around Strait of Hormuz during Iran war to avoid attacks,AP,,15.0,15.0,1.0,0.0,0.0,0.0,0.0,0.0
Russian court convicts 19 people over deadly 2024 Moscow concert hall attack,AP,,10.0,10.0,1.0,0.0,0.0,0.0,-0.1,0.2
Senegal is the latest African country to toughen punishment for homosexual acts,AP,,12.0,12.0,1.0,0.0,0.0,0.0,0.25,0.45
China positions itself as force for global stability at its annual Congress,AP,,12.0,12.0,1.0,0.0,0.0,0.0,0.0,0.0
Former Michigan linebackers coach Chris Partridge sues university over firing,AP,,10.0,10.0,1.0,0.0,0.0,0.0,0.0,0.0
China adopts an ethnic unity law that critics say will cement assimilation,AP,,12.0,12.0,1.0,0.0,0.0,0.0,0.0,0.0
North Korean leader Kim and his daughter try out new pistols at shooting range,AP,,14.0,14.0,1.0,0.0,0.0,0.0,0.13636363636363635,0.45454545454545453
Lawmakers vent frustration over DHS shutdown as lines grow at nation’s airports,AP,,13.0,13.0,1.0,0.0,0.0,0.0,0.0,0.0
Michigan police respond to active shooter situation at West Bloomfield synagogue,NBC,,11.0,11.0,1.0,0.0,0.0,0.0,-0.13333333333333333,0.6
Michigan police respond to active shooter situation at West Bloomfield synagogue,NBC,,11.0,11.0,1.0,0.0,0.0,0.0,-0.13333333333333333,0.6
New Iranian supreme leader vows vengeance in fiery first statement,NBC,,10.0,10.0,1.0,0.0,0.0,0.0,0.19318181818181818,0.3939393939393939
"In Tehran, hope for change turns to panic: 'They are turning the country into ruins'",NBC,,15.0,15.0,1.0,0.0,0.0,1.0,-0.15,0.2
Democrats ask Pentagon about Iran school strike and role of AI,NBC,,11.0,11.0,1.0,0.0,0.0,0.0,0.0,0.0
Iran appears to have conducted a significant cyberattack against a U.S. company,NBC,,13.0,12.0,0.9230769230769231,0.0,0.0,0.0,0.375,0.875
Trump launches the next phase of his trade wars with new investigations of key partners,NBC,,15.0,14.0,0.9333333333333333,0.0,0.0,0.0,0.04545454545454545,0.48484848484848486
Voters who say economic and political systems are stacked against them tie a record high,NBC,,15.0,15.0,1.0,0.0,0.0,0.0,0.12,0.28
Hundreds of Oklahomans are accusing State Farm of a secret scheme to cheat homeowners,NBC,,14.0,13.0,0.9285714285714286,0.0,0.0,0.0,-0.4,0.7
Hundreds of Oklahomans are accusing State Farm of a secret scheme to cheat homeowners,NBC,,14.0,13.0,0.9285714285714286,0.0,0.0,0.0,-0.4,0.7
"Old Dominion University shooting leaves 2 people critically injured, gunman dead",NBC,,10.0,10.0,1.0,0.0,0.0,1.0,-0.03333333333333333,0.4666666666666666
"Old Dominion University shooting leaves 2 people critically injured, gunman dead",NBC,,10.0,10.0,1.0,0.0,0.0,1.0,-0.03333333333333333,0.4666666666666666
Senate passes major housing affordability bill by Elizabeth Warren and Tim Scott,NBC,,12.0,12.0,1.0,0.0,0.0,0.0,0.0625,0.5
Senate passes major housing affordability bill by Elizabeth Warren and Tim Scott,NBC,,12.0,12.0,1.0,0.0,0.0,0.0,0.0625,0.5
The San Antonio Spurs' sixth man is a real-life cowboy who wears actual spurs,NBC,,15.0,15.0,1.0,0.0,0.0,0.0,0.0,0.1
The San Antonio Spurs' sixth man is a real-life cowboy who wears actual spurs,NBC,,15.0,15.0,1.0,0.0,0.0,0.0,0.0,0.1
Subscriber briefings,NBC,,2.0,2.0,1.0,0.0,0.0,0.0,0.0,0.0
Closing arguments begin in landmark social media addiction trial,NBC,,9.0,9.0,1.0,0.0,0.0,0.0,0.03333333333333333,0.06666666666666667
": Michigan synagogue scene of 'apparent vehicle ramming and active shooter situation,' FBI says",NBC,,14.0,14.0,1.0,0.0,0.0,1.0,-0.041666666666666664,0.475
"In Tehran, hope for change turns to panic: 'They are turning the country into ruins'",NBC,,15.0,15.0,1.0,0.0,0.0,1.0,-0.15,0.2
Trump warns Iranian World Cup team away from U.S. for 'their own life and safety',NBC,,16.0,16.0,1.0,0.0,0.0,0.0,0.6,1.0
New Iranian supreme leader vows vengeance in fiery first statement,NBC,,10.0,10.0,1.0,0.0,0.0,0.0,0.19318181818181818,0.3939393939393939
Israeli military drops charges against soldiers accused of sexually assaulting Palestinian detainee,NBC,,12.0,12.0,1.0,0.0,0.0,0.0,0.2,0.4666666666666667
Senate passes major housing affordability bill by Elizabeth Warren and Tim Scott,NBC,,12.0,12.0,1.0,0.0,0.0,0.0,0.0625,0.5
"Old Dominion University shooting leaves 2 people critically injured, gunman dead",NBC,,10.0,10.0,1.0,0.0,0.0,1.0,-0.03333333333333333,0.4666666666666666
Democrats ask Pentagon about Iran school strike and role of AI,NBC,,11.0,11.0,1.0,0.0,0.0,0.0,0.0,0.0
"Rep. Jim Clyburn, 85, is running for an 18th term in Congress",NBC,,11.0,11.0,1.0,0.0,0.0,2.0,0.0,0.0
"Jack Osbourne welcomes daughter Ozzy Matilda, named in honor of his late father",NBC,,13.0,13.0,1.0,0.0,0.0,1.0,-0.3,0.6
Oil prices jump as Iran war causes the 'largest supply disruption' in history,NBC,,13.0,13.0,1.0,0.0,0.0,0.0,0.0,0.0
Epstein's longtime accountant gives closed-door testimony to House committee,NBC,,10.0,10.0,1.0,0.0,0.0,0.0,0.0,0.0
2 dead in Washington and Mississippi as severe weather slams the U.S.,NBC,,12.0,12.0,1.0,0.0,0.0,0.0,-0.2,0.4
Security funding deal ends World Cup standoff,NBC,,7.0,7.0,1.0,0.0,0.0,0.0,0.0,0.0
Police officers say Jan. 6 plaque is hidden from the public's view,NBC,,11.0,11.0,1.0,0.0,0.0,0.0,-0.08333333333333333,0.19999999999999998
Kansas town allows immigration detention center in shuttered prison after yearlong fight,NBC,,12.0,12.0,1.0,0.0,0.0,0.0,-0.1,0.1
South Africa summons new U.S. ambassador over criticism as rift deepens,NBC,,12.0,12.0,1.0,0.0,0.0,0.0,0.13636363636363635,0.45454545454545453
19 people convicted over deadly Moscow concert hall attack claimed by ISIS faction,NBC,,12.0,12.0,1.0,0.0,0.0,0.0,-0.2,0.4
Trump administration : Senate passes major housing bill; Clyburn to run for re-election,NBC,,13.0,13.0,1.0,0.0,0.0,0.0,0.0625,0.5
"The 7 best drugstore eye creams, according to dermatologists",NBC,,8.0,8.0,1.0,0.0,0.0,1.0,1.0,0.3
Talking Shop with Giada De Laurentiis,NBC,,6.0,6.0,1.0,0.0,0.0,0.0,0.0,0.0
"All of the benefits of a Costco membership, explained",NBC,,9.0,8.0,0.8888888888888888,0.0,0.0,1.0,0.0,0.0
This top-rated Olay face moisturizer that reduces dark spots is 20% off,NBC,,12.0,12.0,1.0,0.0,0.0,0.0,-0.15,0.4
2 deaths across Washington and Mississippi as severe weather slams the U.S.,NBC,,12.0,12.0,1.0,0.0,0.0,0.0,0.0,0.0
Teen charged in death of teacher during prank gone wrong says he'll honor his memory,NBC,,15.0,15.0,1.0,0.0,0.0,0.0,-0.25,0.45
Kansas town allows immigration detention center in shuttered prison after yearlong fight,NBC,,12.0,12.0,1.0,0.0,0.0,0.0,-0.1,0.1
Top chef resigns amid abuse claims as protesters gather at L.A. pop-up,NBC,,14.0,14.0,1.0,0.0,0.0,0.0,0.5,0.5
Texas man executed for killing girlfriend and her son as survivor looks on,NBC,,13.0,13.0,1.0,0.0,0.0,0.0,0.0,0.0
"Rep. Jim Clyburn, 85, is running for an 18th term in Congress",NBC,,11.0,11.0,1.0,0.0,0.0,2.0,0.0,0.0
Trump slams Rep. Thomas Massie in Kentucky after he voted to limit war powers,NBC,,14.0,14.0,1.0,0.0,0.0,0.0,0.0,0.0
Epstein's longtime accountant gives closed-door testimony to House committee,NBC,,10.0,10.0,1.0,0.0,0.0,0.0,0.0,0.0
TSA worker says his family is paying the price for his working without pay,NBC,,14.0,13.0,0.9285714285714286,0.0,0.0,0.0,0.0,0.0
Police officers say Jan. 6 plaque is hidden from the public's view,NBC,,11.0,11.0,1.0,0.0,0.0,0.0,-0.08333333333333333,0.19999999999999998
Trump warns Iranian World Cup team away from U.S. for 'their own life and safety',NBC,,16.0,16.0,1.0,0.0,0.0,0.0,0.6,1.0
How NBA players are turning technical fouls into philanthropy,NBC,,9.0,9.0,1.0,0.0,0.0,0.0,0.0,0.1
Security funding deal ends World Cup standoff,NBC,,7.0,7.0,1.0,0.0,0.0,0.0,0.0,0.0
Tony Dungy announces his departure from Football Night in America,NBC,,10.0,10.0,1.0,0.0,0.0,0.0,0.0,0.0
Death and disfiguration,NBC,,3.0,3.0,1.0,0.0,0.0,0.0,0.0,0.0
Iran appears to have conducted a significant cyberattack against a U.S. company,NBC,,13.0,12.0,0.9230769230769231,0.0,0.0,0.0,0.375,0.875
: Iran's new supreme leader vows to keep blocking Strait of Hormuz as oil prices spike again,NBC,,16.0,16.0,1.0,0.0,0.0,0.0,0.13636363636363635,0.45454545454545453
Trump administration : Senate passes major housing bill; Clyburn to run for re-election,NBC,,13.0,13.0,1.0,0.0,0.0,0.0,0.0625,0.5
North Korea's Kim and his daughter try out new pistols at shooting range,NBC,,13.0,13.0,1.0,0.0,0.0,0.0,0.13636363636363635,0.45454545454545453
Closing arguments begin in social media addiction trial,NBC,,8.0,8.0,1.0,0.0,0.0,0.0,0.03333333333333333,0.06666666666666667
Closing arguments begin in social media addiction trial,NBC,,8.0,8.0,1.0,0.0,0.0,0.0,0.03333333333333333,0.06666666666666667
From K-pop to Conan: How the academy is 'leaning into big cultural moments' for the Oscars,NBC,,17.0,16.0,0.9411764705882353,0.0,0.0,0.0,0.05,0.1
"Jack Osbourne welcomes daughter Ozzy Matilda, named in honor of his late father",NBC,,13.0,13.0,1.0,0.0,0.0,1.0,-0.3,0.6
Israeli military drops charges against soldiers accused of sexually assaulting Palestinian detainee,NBC,,12.0,12.0,1.0,0.0,0.0,0.0,0.2,0.4666666666666667
North Korea's Kim and his daughter try out new pistols at shooting range,NBC,,13.0,13.0,1.0,0.0,0.0,0.0,0.13636363636363635,0.45454545454545453
19 people convicted over deadly Moscow concert hall attack claimed by ISIS faction,NBC,,12.0,12.0,1.0,0.0,0.0,0.0,-0.2,0.4
China is expected to push for an ethnic unity law that critics say will cement assimilation,NBC,,16.0,16.0,1.0,0.0,0.0,0.0,-0.1,0.4
Patients alarmed after common medical device is linked to 7 deaths,NBC,,10.0,10.0,1.0,0.0,0.0,0.0,-0.15,0.25
RFK Jr. had surgery on his rotator cuff. Here's why recovery is often painful and slow.,NBC,,16.0,16.0,1.0,0.0,0.0,0.0,-0.5,0.65
